[2026-07-14 16:38:44] HF MUF Boot Sequence Initiated
[2026-07-14 16:38:44] psk_muf.sh already running. Skipping.
[2026-07-14 16:38:44] Starting wspr_muf.sh...
[2026-07-14 16:38:46] wspr_muf.sh running with PID: 1074565
[2026-07-14 16:38:49] ERROR: Missing propogation.sh
[2026-07-14 16:38:49] muf.sh already running. Skipping.
[2026-07-14 16:38:49] Starting psk_gif.sh...
[2026-07-14 16:38:51] psk_gif.sh running with PID: 1074613
[2026-07-14 16:38:55] WARNING: One or more services offline.
[2026-07-14 16:39:14] Shutdown requested. Stopping all MUF services...
[2026-07-14 16:39:14] All MUF services terminated.
[2026-07-14 16:39:14] Shutdown requested. Stopping all MUF services...
[2026-07-14 16:39:14] All MUF services terminated.
[2026-07-14 16:39:59] HF MUF Boot Sequence Initiated
[2026-07-14 16:39:59] psk_muf.sh already running. Skipping.
[2026-07-14 16:39:59] Starting wspr_muf.sh...
[2026-07-14 16:40:01] wspr_muf.sh running with PID: 1075485
[2026-07-14 16:40:04] Starting propagation.sh...
[2026-07-14 16:40:06] propagation.sh running with PID: 1075525
[2026-07-14 16:40:09] muf.sh already running. Skipping.
[2026-07-14 16:40:09] Starting psk_gif.sh...
[2026-07-14 16:40:11] psk_gif.sh running with PID: 1075716
[2026-07-14 16:40:14] SUCCESS: All MUF services online.
[2026-07-14 16:40:22] Shutdown requested. Stopping all MUF services...
[2026-07-14 16:40:22] All MUF services terminated.
[2026-07-14 16:40:22] Shutdown requested. Stopping all MUF services...
[2026-07-14 16:40:22] All MUF services terminated.
[2026-07-14 16:40:58] HF MUF Boot Sequence Initiated
[2026-07-14 16:40:58] Starting psk_muf.sh...
[2026-07-14 16:41:00] psk_muf.sh running with PID: 1077830
[2026-07-14 16:41:03] Starting wspr_muf.sh...
[2026-07-14 16:41:05] wspr_muf.sh running with PID: 1077906
[2026-07-14 16:41:09] Starting propagation.sh...
[2026-07-14 16:41:11] propagation.sh running with PID: 1078036
[2026-07-14 16:41:14] muf.sh already running. Skipping.
[2026-07-14 16:41:14] Starting psk_gif.sh...
[2026-07-14 16:41:16] psk_gif.sh running with PID: 1078808
[2026-07-14 16:41:19] SUCCESS: All MUF services online.
[2026-07-15 05:59:49] Shutdown requested. Stopping all MUF services...
[2026-07-15 05:59:49] All MUF services terminated.
[2026-07-15 05:59:49] Shutdown requested. Stopping all MUF services...
[2026-07-15 05:59:49] Shutdown requested. Stopping all MUF services...
[2026-07-15 05:59:49] All MUF services terminated.
[2026-07-15 05:59:53] HF MUF Boot Sequence Initiated
[2026-07-15 05:59:53] Starting psk_muf.sh...
[2026-07-15 05:59:55] psk_muf.sh running with PID: 3553305
[2026-07-15 05:59:58] Starting wspr_muf.sh...
[2026-07-15 06:00:00] wspr_muf.sh running with PID: 3553345
[2026-07-15 06:00:03] Starting propagation.sh...
[2026-07-15 06:00:05] propagation.sh running with PID: 3553414
[2026-07-15 06:00:08] muf.sh already running. Skipping.
[2026-07-15 06:00:08] Starting psk_gif.sh...
[2026-07-15 06:00:10] psk_gif.sh running with PID: 3553638
[2026-07-15 06:00:13] SUCCESS: All MUF services online.
[2026-07-15 06:00:15] Shutdown requested. Stopping all MUF services...
[2026-07-15 06:00:15] All MUF services terminated.
[2026-07-15 06:00:15] Shutdown requested. Stopping all MUF services...
[2026-07-15 06:00:15] All MUF services terminated.
[2026-07-15 06:00:52] HF MUF Boot Sequence Initiated
[2026-07-15 06:00:52] Starting psk_muf.sh...
[2026-07-15 06:00:54] psk_muf.sh running with PID: 3556586
[2026-07-15 06:00:57] Starting wspr_muf.sh...
[2026-07-15 06:00:59] wspr_muf.sh running with PID: 3556715
[2026-07-15 06:01:02] Starting propagation.sh...
[2026-07-15 06:01:04] propagation.sh running with PID: 3556770
[2026-07-15 06:01:07] muf.sh already running. Skipping.
[2026-07-15 06:01:07] Starting psk_gif.sh...
[2026-07-15 06:01:09] psk_gif.sh running with PID: 3557019
[2026-07-15 06:01:12] SUCCESS: All MUF services online.
[2026-07-15 16:57:01] Shutdown requested. Stopping all MUF services...
[2026-07-15 16:57:01] All MUF services terminated.
[2026-07-15 16:57:01] Shutdown requested. Stopping all MUF services...
[2026-07-15 16:57:01] All MUF services terminated.
[2026-07-15 17:02:05] HF MUF Boot Sequence Initiated
[2026-07-15 17:02:05] Starting psk_muf.sh...
[2026-07-15 17:02:07] psk_muf.sh running with PID: 1416290
[2026-07-15 17:02:10] Starting wspr_muf.sh...
[2026-07-15 17:02:12] wspr_muf.sh running with PID: 1416747
[2026-07-15 17:02:15] Starting propagation.sh...
[2026-07-15 17:02:17] propagation.sh running with PID: 1417106
[2026-07-15 17:02:20] muf.sh already running. Skipping.
[2026-07-15 17:02:20] Starting psk_gif.sh...
[2026-07-15 17:02:22] psk_gif.sh running with PID: 1417350
[2026-07-15 17:02:26] SUCCESS: All MUF services online.
[2026-07-17 16:47:49] Shutdown requested. Stopping all MUF services...
[2026-07-17 16:47:49] All MUF services terminated.
[2026-07-17 16:47:49] Shutdown requested. Stopping all MUF services...
[2026-07-17 16:47:50] All MUF services terminated.
[2026-07-17 16:48:43] HF MUF Boot Sequence Initiated
[2026-07-17 16:48:43] Starting psk_muf.sh...
[2026-07-17 16:48:45] psk_muf.sh running with PID: 3816424
[2026-07-17 16:48:48] Starting wspr_muf.sh...
[2026-07-17 16:48:50] wspr_muf.sh running with PID: 3816547
[2026-07-17 16:48:53] Starting propagation.sh...
[2026-07-17 16:48:55] propagation.sh running with PID: 3816684
[2026-07-17 16:48:58] muf.sh already running. Skipping.
[2026-07-17 16:48:58] Starting psk_gif.sh...
[2026-07-17 16:49:00] psk_gif.sh running with PID: 3816905
[2026-07-17 16:49:04] SUCCESS: All MUF services online.
[2026-07-17 17:48:47] Shutdown requested. Stopping all MUF services...
[2026-07-17 17:48:48] All MUF services terminated.
[2026-07-17 17:48:48] Shutdown requested. Stopping all MUF services...
[2026-07-17 17:48:48] Shutdown requested. Stopping all MUF services...
[2026-07-17 17:48:48] All MUF services terminated.
[2026-07-17 17:49:40] HF MUF Boot Sequence Initiated
[2026-07-17 17:49:40] Starting psk_muf.sh...
[2026-07-17 17:49:42] psk_muf.sh running with PID: 3915087
[2026-07-17 17:49:45] Starting wspr_muf.sh...
[2026-07-17 17:49:47] wspr_muf.sh running with PID: 3916604
[2026-07-17 17:49:51] Starting propagation.sh...
[2026-07-17 17:49:53] propagation.sh running with PID: 3918457
[2026-07-17 17:49:56] muf.sh already running. Skipping.
[2026-07-17 17:49:56] Starting psk_gif.sh...
[2026-07-17 17:49:58] psk_gif.sh running with PID: 3921423
[2026-07-17 17:50:01] SUCCESS: All MUF services online.
[2026-07-17 18:15:01] Shutdown requested. Stopping all MUF services...
[2026-07-17 18:15:01] All MUF services terminated.
[2026-07-17 18:15:01] Shutdown requested. Stopping all MUF services...
[2026-07-17 18:15:01] All MUF services terminated.
[2026-07-17 19:05:25] HF MUF Boot Sequence Initiated
[2026-07-17 19:05:25] psk_muf.sh already running. Skipping.
[2026-07-17 19:05:25] Starting wspr_muf.sh...
[2026-07-17 19:05:27] wspr_muf.sh running with PID: 689551
[2026-07-17 19:05:30] Starting propagation.sh...
[2026-07-17 19:05:32] propagation.sh running with PID: 689591
[2026-07-17 19:05:35] muf.sh already running. Skipping.
[2026-07-17 19:05:36] Starting psk_gif.sh...
[2026-07-17 19:05:38] psk_gif.sh running with PID: 689776
[2026-07-17 19:05:41] SUCCESS: All MUF services online.
[2026-07-18 10:14:12] Shutdown requested. Stopping all MUF services...
[2026-07-18 10:14:12] All MUF services terminated.
[2026-07-18 10:14:12] Shutdown requested. Stopping all MUF services...
[2026-07-18 10:14:12] All MUF services terminated.
[2026-07-18 10:14:15] HF MUF Boot Sequence Initiated
[2026-07-18 10:14:15] Starting psk_muf.sh...
[2026-07-18 10:14:17] psk_muf.sh running with PID: 1221032
[2026-07-18 10:14:20] Starting wspr_muf.sh...
[2026-07-18 10:14:22] wspr_muf.sh running with PID: 1221155
[2026-07-18 10:14:25] Starting propagation.sh...
[2026-07-18 10:14:27] propagation.sh running with PID: 1221320
[2026-07-18 10:14:30] muf.sh already running. Skipping.
[2026-07-18 10:14:30] Starting psk_gif.sh...
[2026-07-18 10:14:32] psk_gif.sh running with PID: 1221713
[2026-07-18 10:14:35] SUCCESS: All MUF services online.
[2026-07-18 17:37:19] Shutdown requested. Stopping all MUF services...
[2026-07-18 17:37:19] All MUF services terminated.
[2026-07-18 17:37:19] Shutdown requested. Stopping all MUF services...
[2026-07-18 17:37:19] All MUF services terminated.
[2026-07-19 11:03:22] HF MUF Boot Sequence Initiated
[2026-07-19 11:03:22] Starting psk_muf.sh...
[2026-07-19 11:03:24] psk_muf.sh running with PID: 12695
[2026-07-19 11:03:27] Starting wspr_muf.sh...
[2026-07-19 11:03:29] wspr_muf.sh running with PID: 13572
[2026-07-19 11:03:32] Starting propagation.sh...
[2026-07-19 11:03:34] propagation.sh running with PID: 13611
[2026-07-19 11:03:37] muf.sh already running. Skipping.
[2026-07-19 11:03:37] Starting psk_gif.sh...
[2026-07-19 11:03:39] psk_gif.sh running with PID: 13659
[2026-07-19 11:03:42] SUCCESS: All MUF services online.
[2026-07-19 11:26:32] Shutdown requested. Stopping all MUF services...
[2026-07-19 11:26:32] All MUF services terminated.
[2026-07-19 11:26:32] Shutdown requested. Stopping all MUF services...
[2026-07-19 11:26:32] Shutdown requested. Stopping all MUF services...
[2026-07-19 11:26:32] All MUF services terminated.
[2026-07-19 11:26:35] HF MUF Boot Sequence Initiated
[2026-07-19 11:26:35] Starting psk_muf.sh...
[2026-07-19 11:26:37] psk_muf.sh running with PID: 84717
[2026-07-19 11:26:40] Starting wspr_muf.sh...
[2026-07-19 11:26:42] wspr_muf.sh running with PID: 84914
[2026-07-19 11:26:45] Starting propagation.sh...
[2026-07-19 11:26:47] propagation.sh running with PID: 85002
[2026-07-19 11:26:50] muf.sh already running. Skipping.
[2026-07-19 11:26:50] Starting psk_gif.sh...
[2026-07-19 11:26:52] psk_gif.sh running with PID: 85870
[2026-07-19 11:26:55] SUCCESS: All MUF services online.
[2026-07-19 11:30:21] Shutdown requested. Stopping all MUF services...
[2026-07-19 11:30:21] All MUF services terminated.
[2026-07-19 11:30:21] Shutdown requested. Stopping all MUF services...
[2026-07-19 11:30:21] All MUF services terminated.
[2026-07-19 11:30:24] HF MUF Boot Sequence Initiated
[2026-07-19 11:30:24] Starting psk_muf.sh...
[2026-07-19 11:30:26] psk_muf.sh running with PID: 95312
[2026-07-19 11:30:29] Starting wspr_muf.sh...
[2026-07-19 11:30:31] wspr_muf.sh running with PID: 95351
[2026-07-19 11:30:34] Starting propagation.sh...
[2026-07-19 11:30:36] propagation.sh running with PID: 95386
[2026-07-19 11:30:39] muf.sh already running. Skipping.
[2026-07-19 11:30:39] Starting psk_gif.sh...
[2026-07-19 11:30:41] psk_gif.sh running with PID: 95616
[2026-07-19 11:30:44] SUCCESS: All MUF services online.
[2026-07-19 11:34:15] Shutdown requested. Stopping all MUF services...
[2026-07-19 11:34:15] All MUF services terminated.
[2026-07-19 11:34:15] Shutdown requested. Stopping all MUF services...
[2026-07-19 11:34:16] All MUF services terminated.
[2026-07-19 11:34:18] HF MUF Boot Sequence Initiated
[2026-07-19 11:34:18] Starting psk_muf.sh...
[2026-07-19 11:34:20] psk_muf.sh running with PID: 105637
[2026-07-19 11:34:23] Starting wspr_muf.sh...
[2026-07-19 11:34:25] wspr_muf.sh running with PID: 105680
[2026-07-19 11:34:28] Starting propagation.sh...
[2026-07-19 11:34:30] propagation.sh running with PID: 105717
[2026-07-19 11:34:33] muf.sh already running. Skipping.
[2026-07-19 11:34:33] Starting psk_gif.sh...
[2026-07-19 11:34:35] psk_gif.sh running with PID: 106561
[2026-07-19 11:34:38] SUCCESS: All MUF services online.
[2026-07-19 11:35:40] Shutdown requested. Stopping all MUF services...
[2026-07-19 11:35:41] All MUF services terminated.
[2026-07-19 11:35:41] Shutdown requested. Stopping all MUF services...
[2026-07-19 11:35:41] All MUF services terminated.
[2026-07-19 11:35:43] HF MUF Boot Sequence Initiated
[2026-07-19 11:35:43] Starting psk_muf.sh...
[2026-07-19 11:35:45] psk_muf.sh running with PID: 109791
[2026-07-19 11:35:48] Starting wspr_muf.sh...
[2026-07-19 11:35:50] wspr_muf.sh running with PID: 109982
[2026-07-19 11:35:53] Starting propagation.sh...
[2026-07-19 11:35:55] propagation.sh running with PID: 110456
[2026-07-19 11:35:58] muf.sh already running. Skipping.
[2026-07-19 11:35:58] Starting psk_gif.sh...
[2026-07-19 11:36:00] psk_gif.sh running with PID: 111385
[2026-07-19 11:36:03] SUCCESS: All MUF services online.
[2026-07-19 11:42:11] Shutdown requested. Stopping all MUF services...
[2026-07-19 11:42:12] All MUF services terminated.
[2026-07-19 11:42:12] Shutdown requested. Stopping all MUF services...
[2026-07-19 11:42:12] All MUF services terminated.
[2026-07-19 11:42:13] HF MUF Boot Sequence Initiated
[2026-07-19 11:42:13] Starting psk_muf.sh...
[2026-07-19 11:42:15] psk_muf.sh running with PID: 126379
[2026-07-19 11:42:18] Starting wspr_muf.sh...
[2026-07-19 11:42:20] wspr_muf.sh running with PID: 127123
[2026-07-19 11:42:23] Starting propagation.sh...
[2026-07-19 11:42:25] propagation.sh running with PID: 127623
[2026-07-19 11:42:28] muf.sh already running. Skipping.
[2026-07-19 11:42:28] Starting psk_gif.sh...
[2026-07-19 11:42:30] psk_gif.sh running with PID: 127850
[2026-07-19 11:42:34] SUCCESS: All MUF services online.
[2026-07-19 22:02:00] Shutdown requested. Stopping all MUF services...
[2026-07-19 22:02:00] All MUF services terminated.
[2026-07-19 22:02:00] Shutdown requested. Stopping all MUF services...
[2026-07-19 22:02:00] All MUF services terminated.
[2026-07-19 22:02:05] HF MUF Boot Sequence Initiated
[2026-07-19 22:02:05] Starting psk_muf.sh...
[2026-07-19 22:02:07] ERROR: psk_muf.sh exited immediately
[2026-07-19 22:02:10] Starting wspr_muf.sh...
[2026-07-19 22:02:12] wspr_muf.sh running with PID: 1681926
[2026-07-19 22:02:15] Shutdown requested. Stopping all MUF services...
[2026-07-19 22:02:15] All MUF services terminated.
[2026-07-19 22:02:15] Shutdown requested. Stopping all MUF services...
[2026-07-19 22:02:15] Shutdown requested. Stopping all MUF services...
[2026-07-19 22:02:15] All MUF services terminated.
[2026-07-19 22:05:53] HF MUF Boot Sequence Initiated
[2026-07-19 22:05:53] Starting psk_muf.sh...
[2026-07-19 22:05:55] psk_muf.sh running with PID: 1691779
[2026-07-19 22:05:58] Starting wspr_muf.sh...
[2026-07-19 22:06:00] wspr_muf.sh running with PID: 1691843
[2026-07-19 22:06:03] Starting propagation.sh...
[2026-07-19 22:06:05] propagation.sh running with PID: 1691920
[2026-07-19 22:06:08] muf.sh already running. Skipping.
[2026-07-19 22:06:08] Starting psk_gif.sh...
[2026-07-19 22:06:10] psk_gif.sh running with PID: 1692878
[2026-07-19 22:06:13] SUCCESS: All MUF services online.
[2026-07-19 22:06:31] Shutdown requested. Stopping all MUF services...
[2026-07-19 22:06:31] All MUF services terminated.
[2026-07-19 22:06:31] Shutdown requested. Stopping all MUF services...
[2026-07-19 22:06:31] All MUF services terminated.
[2026-07-19 22:06:42] HF MUF Boot Sequence Initiated
[2026-07-19 22:06:42] Starting psk_muf.sh...
[2026-07-19 22:06:44] psk_muf.sh running with PID: 1694059
[2026-07-19 22:06:47] Starting wspr_muf.sh...
[2026-07-19 22:06:49] wspr_muf.sh running with PID: 1694790
[2026-07-19 22:06:52] Starting propagation.sh...
[2026-07-19 22:06:54] propagation.sh running with PID: 1694826
[2026-07-19 22:06:57] muf.sh already running. Skipping.
[2026-07-19 22:06:57] Starting psk_gif.sh...
[2026-07-19 22:06:59] psk_gif.sh running with PID: 1695049
[2026-07-19 22:07:02] SUCCESS: All MUF services online.
[2026-07-19 22:10:55] Shutdown requested. Stopping all MUF services...
[2026-07-19 22:10:55] All MUF services terminated.
[2026-07-19 22:10:55] Shutdown requested. Stopping all MUF services...
[2026-07-19 22:10:55] All MUF services terminated.
[2026-07-19 22:10:58] HF MUF Boot Sequence Initiated
[2026-07-19 22:10:58] Starting psk_muf.sh...
[2026-07-19 22:11:00] psk_muf.sh running with PID: 1705720
[2026-07-19 22:11:03] Starting wspr_muf.sh...
[2026-07-19 22:11:05] wspr_muf.sh running with PID: 1706414
[2026-07-19 22:11:08] Starting propagation.sh...
[2026-07-19 22:11:10] propagation.sh running with PID: 1706451
[2026-07-19 22:11:13] muf.sh already running. Skipping.
[2026-07-19 22:11:13] Starting psk_gif.sh...
[2026-07-19 22:11:15] psk_gif.sh running with PID: 1706634
[2026-07-19 22:11:18] WARNING: One or more services offline.
[2026-07-19 23:48:55] Shutdown requested. Stopping all MUF services...
[2026-07-19 23:48:55] All MUF services terminated.
[2026-07-19 23:48:55] Shutdown requested. Stopping all MUF services...
[2026-07-19 23:48:55] All MUF services terminated.
[2026-07-19 23:49:55] HF MUF Boot Sequence Initiated
[2026-07-19 23:49:55] Starting psk_muf.sh...
[2026-07-19 23:49:57] psk_muf.sh running with PID: 1953805
[2026-07-19 23:50:00] Starting wspr_muf.sh...
[2026-07-19 23:50:02] wspr_muf.sh running with PID: 1953969
[2026-07-19 23:50:05] Starting propagation.sh...
[2026-07-19 23:50:07] propagation.sh running with PID: 1954666
[2026-07-19 23:50:10] muf.sh already running. Skipping.
[2026-07-19 23:50:10] Starting psk_gif.sh...
[2026-07-19 23:50:12] psk_gif.sh running with PID: 1954854
[2026-07-19 23:50:15] SUCCESS: All MUF services online.
[2026-07-19 23:51:22] Shutdown requested. Stopping all MUF services...
[2026-07-19 23:51:23] All MUF services terminated.
[2026-07-19 23:51:23] Shutdown requested. Stopping all MUF services...
[2026-07-19 23:51:23] All MUF services terminated.
[2026-07-19 23:51:25] HF MUF Boot Sequence Initiated
[2026-07-19 23:51:25] Starting psk_muf.sh...
[2026-07-19 23:51:27] psk_muf.sh running with PID: 1957851
[2026-07-19 23:51:30] Starting wspr_muf.sh...
[2026-07-19 23:51:32] wspr_muf.sh running with PID: 1958548
[2026-07-19 23:51:35] Starting propagation.sh...
[2026-07-19 23:51:37] propagation.sh running with PID: 1958583
[2026-07-19 23:51:40] muf.sh already running. Skipping.
[2026-07-19 23:51:40] Starting psk_gif.sh...
[2026-07-19 23:51:42] psk_gif.sh running with PID: 1958786
[2026-07-19 23:51:45] SUCCESS: All MUF services online.
[2026-07-19 23:54:38] Shutdown requested. Stopping all MUF services...
[2026-07-19 23:54:38] All MUF services terminated.
[2026-07-19 23:54:38] Shutdown requested. Stopping all MUF services...
[2026-07-19 23:54:38] All MUF services terminated.
[2026-07-19 23:54:54] HF MUF Boot Sequence Initiated
[2026-07-19 23:54:54] Starting psk_muf.sh...
[2026-07-19 23:54:56] psk_muf.sh running with PID: 1966828
[2026-07-19 23:54:59] Starting wspr_muf.sh...
[2026-07-19 23:55:01] wspr_muf.sh running with PID: 1967527
[2026-07-19 23:55:04] Starting propagation.sh...
[2026-07-19 23:55:06] propagation.sh running with PID: 1967566
[2026-07-19 23:55:09] muf.sh already running. Skipping.
[2026-07-19 23:55:09] Starting psk_gif.sh...
[2026-07-19 23:55:11] psk_gif.sh running with PID: 1967754
[2026-07-19 23:55:14] SUCCESS: All MUF services online.
[2026-07-20 16:20:31] Shutdown requested. Stopping all MUF services...
[2026-07-20 16:20:31] All MUF services terminated.
[2026-07-20 16:20:31] Shutdown requested. Stopping all MUF services...
[2026-07-20 16:20:31] All MUF services terminated.
[2026-07-20 16:20:34] HF MUF Boot Sequence Initiated
[2026-07-20 16:20:34] Starting psk_muf.sh...
[2026-07-20 16:20:36] ERROR: psk_muf.sh exited immediately
[2026-07-20 16:20:39] Starting wspr_muf.sh...
[2026-07-20 16:22:37] Shutdown requested. Stopping all MUF services...
[2026-07-20 16:40:38] HF MUF Boot Sequence Initiated
[2026-07-20 16:40:38] Starting psk_muf.sh...
[2026-07-20 16:40:40] psk_muf.sh running with PID: 53534
[2026-07-20 16:40:43] Starting wspr_muf.sh...
[2026-07-20 16:40:45] wspr_muf.sh running with PID: 53620
[2026-07-20 16:40:48] Starting propagation.sh...
[2026-07-20 16:40:50] propagation.sh running with PID: 53767
[2026-07-20 16:40:53] muf.sh already running. Skipping.
[2026-07-20 16:40:53] Starting psk_gif.sh...
[2026-07-20 16:40:55] psk_gif.sh running with PID: 54634
[2026-07-20 16:40:58] SUCCESS: All MUF services online.
[2026-07-20 16:42:25] Shutdown requested. Stopping all MUF services...
[2026-07-20 16:42:25] All MUF services terminated.
[2026-07-20 16:42:25] Shutdown requested. Stopping all MUF services...
[2026-07-20 16:42:25] All MUF services terminated.
[2026-07-20 16:42:29] HF MUF Boot Sequence Initiated
[2026-07-20 16:42:29] Starting psk_muf.sh...
[2026-07-20 16:42:31] psk_muf.sh running with PID: 59446
[2026-07-20 16:42:34] Starting wspr_muf.sh...
[2026-07-20 16:42:36] wspr_muf.sh running with PID: 59612
[2026-07-20 16:42:39] Starting propagation.sh...
[2026-07-20 16:42:41] propagation.sh running with PID: 60343
[2026-07-20 16:42:44] muf.sh already running. Skipping.
[2026-07-20 16:42:44] Starting psk_gif.sh...
[2026-07-20 16:42:46] psk_gif.sh running with PID: 60531
[2026-07-20 16:42:50] SUCCESS: All MUF services online.
[2026-07-20 17:27:38] Shutdown requested. Stopping all MUF services...
[2026-07-20 17:27:38] All MUF services terminated.
[2026-07-20 17:27:38] Shutdown requested. Stopping all MUF services...
[2026-07-20 17:27:38] All MUF services terminated.
[2026-07-20 17:27:41] HF MUF Boot Sequence Initiated
[2026-07-20 17:27:41] Starting psk_muf.sh...
[2026-07-20 17:27:43] psk_muf.sh running with PID: 175926
[2026-07-20 17:27:46] Starting wspr_muf.sh...
[2026-07-20 17:27:48] wspr_muf.sh running with PID: 176781
[2026-07-20 17:27:51] Starting propagation.sh...
[2026-07-20 17:27:53] propagation.sh running with PID: 176854
[2026-07-20 17:27:56] muf.sh already running. Skipping.
[2026-07-20 17:27:56] Starting psk_gif.sh...
[2026-07-20 17:27:58] psk_gif.sh running with PID: 177066
[2026-07-20 17:28:01] SUCCESS: All MUF services online.
[2026-07-20 18:24:50] Shutdown requested. Stopping all MUF services...
[2026-07-20 18:24:51] All MUF services terminated.
[2026-07-20 18:24:51] Shutdown requested. Stopping all MUF services...
[2026-07-20 18:24:51] All MUF services terminated.
[2026-07-20 18:24:52] HF MUF Boot Sequence Initiated
[2026-07-20 18:24:52] Starting psk_muf.sh...
[2026-07-20 18:24:54] psk_muf.sh running with PID: 323107
[2026-07-20 18:24:57] Starting wspr_muf.sh...
[2026-07-20 18:24:59] wspr_muf.sh running with PID: 323151
[2026-07-20 18:25:03] Starting propagation.sh...
[2026-07-20 18:25:05] propagation.sh running with PID: 323213
[2026-07-20 18:25:08] muf.sh already running. Skipping.
[2026-07-20 18:25:08] psk_gif.sh already running. Skipping.
[2026-07-20 18:25:08] SUCCESS: All MUF services online.
[2026-07-21 17:02:50] Shutdown requested. Stopping all MUF services...
[2026-07-21 17:02:51] All MUF services terminated.
[2026-07-21 17:02:51] Shutdown requested. Stopping all MUF services...
[2026-07-21 17:02:51] All MUF services terminated.
[2026-07-21 17:02:53] HF MUF Boot Sequence Initiated
[2026-07-21 17:02:53] Starting psk_muf.sh...
[2026-07-21 17:02:55] psk_muf.sh running with PID: 3684369
[2026-07-21 17:02:58] Starting wspr_muf.sh...
[2026-07-21 17:03:00] wspr_muf.sh running with PID: 3685074
[2026-07-21 17:03:03] Starting propagation.sh...
[2026-07-21 17:03:05] propagation.sh running with PID: 3685198
[2026-07-21 17:03:08] muf.sh already running. Skipping.
[2026-07-21 17:03:08] psk_gif.sh already running. Skipping.
[2026-07-21 17:03:08] WARNING: One or more services offline.
[2026-07-21 17:33:47] Shutdown requested. Stopping all MUF services...
[2026-07-21 17:33:47] All MUF services terminated.
[2026-07-21 17:33:47] Shutdown requested. Stopping all MUF services...
[2026-07-21 17:33:47] All MUF services terminated.
[2026-07-21 17:33:50] HF MUF Boot Sequence Initiated
[2026-07-21 17:33:50] Starting psk_muf.sh...
[2026-07-21 17:33:52] psk_muf.sh running with PID: 3762555
[2026-07-21 17:33:55] Starting wspr_muf.sh...
[2026-07-21 17:33:57] wspr_muf.sh running with PID: 3762593
[2026-07-21 17:34:00] Starting propagation.sh...
[2026-07-21 17:34:02] propagation.sh running with PID: 3763291
[2026-07-21 17:34:05] muf.sh already running. Skipping.
[2026-07-21 17:34:05] psk_gif.sh already running. Skipping.
[2026-07-21 17:34:06] SUCCESS: All MUF services online.
[2026-07-21 17:40:07] Shutdown requested. Stopping all MUF services...
[2026-07-21 17:40:07] All MUF services terminated.
[2026-07-21 17:40:07] Shutdown requested. Stopping all MUF services...
[2026-07-21 17:40:07] All MUF services terminated.
[2026-07-21 17:40:10] HF MUF Boot Sequence Initiated
[2026-07-21 17:40:10] Starting psk_muf.sh...
[2026-07-21 17:40:12] psk_muf.sh running with PID: 3778480
[2026-07-21 17:40:15] Starting wspr_muf.sh...
[2026-07-21 17:40:17] wspr_muf.sh running with PID: 3778630
[2026-07-21 17:40:20] Starting propagation.sh...
[2026-07-21 17:40:22] propagation.sh running with PID: 3779372
[2026-07-21 17:40:25] muf.sh already running. Skipping.
[2026-07-21 17:40:25] psk_gif.sh already running. Skipping.
[2026-07-21 17:40:25] SUCCESS: All MUF services online.
[2026-07-22 16:07:01] Shutdown requested. Stopping all MUF services...
[2026-07-22 16:07:01] All MUF services terminated.
[2026-07-22 16:07:01] Shutdown requested. Stopping all MUF services...
[2026-07-22 16:07:01] All MUF services terminated.
[2026-07-22 16:07:06] HF MUF Boot Sequence Initiated
[2026-07-22 16:07:06] Starting psk_muf.sh...
[2026-07-22 16:07:08] ERROR: psk_muf.sh exited immediately
[2026-07-22 16:07:11] Starting wspr_muf.sh...
[2026-07-22 16:07:13] wspr_muf.sh running with PID: 654807
[2026-07-22 16:07:16] Starting propagation.sh...
[2026-07-22 16:07:18] propagation.sh running with PID: 654847
[2026-07-22 16:07:21] muf.sh already running. Skipping.
[2026-07-22 16:07:21] psk_gif.sh already running. Skipping.
[2026-07-22 16:07:21] WARNING: One or more services offline.
[2026-07-22 16:07:26] Shutdown requested. Stopping all MUF services...
[2026-07-22 16:07:26] All MUF services terminated.
[2026-07-22 16:07:26] Shutdown requested. Stopping all MUF services...
[2026-07-22 16:07:26] All MUF services terminated.
[2026-07-22 16:07:31] HF MUF Boot Sequence Initiated
[2026-07-22 16:07:31] Starting psk_muf.sh...
[2026-07-22 16:07:33] ERROR: psk_muf.sh exited immediately
[2026-07-22 16:07:36] Shutdown requested. Stopping all MUF services...
[2026-07-22 16:07:36] All MUF services terminated.
[2026-07-22 16:07:36] Shutdown requested. Stopping all MUF services...
[2026-07-22 16:07:36] All MUF services terminated.
[2026-07-22 16:07:54] HF MUF Boot Sequence Initiated
[2026-07-22 16:07:54] Starting psk_muf.sh...
[2026-07-22 16:07:56] psk_muf.sh running with PID: 655501
[2026-07-22 16:07:59] Starting wspr_muf.sh...
[2026-07-22 16:08:01] wspr_muf.sh running with PID: 655545
[2026-07-22 16:08:04] Starting propagation.sh...
[2026-07-22 16:08:06] propagation.sh running with PID: 655589
[2026-07-22 16:08:09] muf.sh already running. Skipping.
[2026-07-22 16:08:09] psk_gif.sh already running. Skipping.
[2026-07-22 16:08:09] SUCCESS: All MUF services online.
[2026-07-22 16:11:33] Shutdown requested. Stopping all MUF services...
[2026-07-22 16:11:33] All MUF services terminated.
[2026-07-22 16:11:33] Shutdown requested. Stopping all MUF services...
[2026-07-22 16:11:33] All MUF services terminated.
[2026-07-22 16:22:31] HF MUF Boot Sequence Initiated
[2026-07-22 16:22:32] Starting psk_muf.sh...
[2026-07-22 16:22:34] psk_muf.sh running with PID: 664388
[2026-07-22 16:22:37] Starting wspr_muf.sh...
[2026-07-22 16:22:39] wspr_muf.sh running with PID: 664429
[2026-07-22 16:22:42] Starting propagation.sh...
[2026-07-22 16:22:44] propagation.sh running with PID: 664468
[2026-07-22 16:22:47] muf.sh already running. Skipping.
[2026-07-22 16:22:47] psk_gif.sh already running. Skipping.
[2026-07-22 16:22:47] SUCCESS: All MUF services online.
[2026-07-22 16:43:02] Shutdown requested. Stopping all MUF services...
[2026-07-22 16:43:02] All MUF services terminated.
[2026-07-22 16:43:02] Shutdown requested. Stopping all MUF services...
[2026-07-22 16:43:02] All MUF services terminated.
[2026-07-22 16:43:04] HF MUF Boot Sequence Initiated
[2026-07-22 16:43:04] Starting psk_muf.sh...
[2026-07-22 16:43:06] psk_muf.sh running with PID: 676755
[2026-07-22 16:43:09] Starting wspr_muf.sh...
[2026-07-22 16:43:11] wspr_muf.sh running with PID: 676885
[2026-07-22 16:43:14] Starting propagation.sh...
[2026-07-22 16:43:16] propagation.sh running with PID: 676975
[2026-07-22 16:43:19] muf.sh already running. Skipping.
[2026-07-22 16:43:19] psk_gif.sh already running. Skipping.
[2026-07-22 16:43:19] SUCCESS: All MUF services online.
[2026-07-22 16:53:33] Shutdown requested. Stopping all MUF services...
[2026-07-22 16:53:33] All MUF services terminated.
[2026-07-22 16:53:33] Shutdown requested. Stopping all MUF services...
[2026-07-22 16:53:33] All MUF services terminated.
[2026-07-22 16:53:36] HF MUF Boot Sequence Initiated
[2026-07-22 16:53:36] Starting psk_muf.sh...
[2026-07-22 16:53:38] psk_muf.sh running with PID: 683193
[2026-07-22 16:53:41] Starting wspr_muf.sh...
[2026-07-22 16:53:43] wspr_muf.sh running with PID: 683233
[2026-07-22 16:53:46] Starting propagation.sh...
[2026-07-22 16:53:48] propagation.sh running with PID: 683274
[2026-07-22 16:53:51] muf.sh already running. Skipping.
[2026-07-22 16:53:51] psk_gif.sh already running. Skipping.
[2026-07-22 16:53:51] SUCCESS: All MUF services online.
[2026-07-22 17:03:18] Shutdown requested. Stopping all MUF services...
[2026-07-22 17:03:19] All MUF services terminated.
[2026-07-22 17:03:19] Shutdown requested. Stopping all MUF services...
[2026-07-22 17:03:19] All MUF services terminated.
[2026-07-22 17:03:20] HF MUF Boot Sequence Initiated
[2026-07-22 17:03:20] Starting psk_muf.sh...
[2026-07-22 17:03:22] psk_muf.sh running with PID: 689194
[2026-07-22 17:03:25] Starting wspr_muf.sh...
[2026-07-22 17:03:27] wspr_muf.sh running with PID: 689275
[2026-07-22 17:03:30] Starting propagation.sh...
[2026-07-22 17:03:32] propagation.sh running with PID: 689352
[2026-07-22 17:03:35] muf.sh already running. Skipping.
[2026-07-22 17:03:35] psk_gif.sh already running. Skipping.
[2026-07-22 17:03:36] SUCCESS: All MUF services online.
[2026-07-22 17:04:13] Shutdown requested. Stopping all MUF services...
[2026-07-22 17:04:13] All MUF services terminated.
[2026-07-22 17:04:13] Shutdown requested. Stopping all MUF services...
[2026-07-22 17:04:13] All MUF services terminated.
[2026-07-22 17:04:15] HF MUF Boot Sequence Initiated
[2026-07-22 17:04:15] Starting psk_muf.sh...
[2026-07-22 17:04:17] psk_muf.sh running with PID: 690055
[2026-07-22 17:04:21] Starting wspr_muf.sh...
[2026-07-22 17:04:23] wspr_muf.sh running with PID: 690125
[2026-07-22 17:04:26] Starting propagation.sh...
[2026-07-22 17:04:28] propagation.sh running with PID: 690207
[2026-07-22 17:04:31] muf.sh already running. Skipping.
[2026-07-22 17:04:31] psk_gif.sh already running. Skipping.
[2026-07-22 17:04:31] SUCCESS: All MUF services online.
[2026-07-22 17:08:49] Shutdown requested. Stopping all MUF services...
[2026-07-22 17:08:49] All MUF services terminated.
[2026-07-22 17:08:49] Shutdown requested. Stopping all MUF services...
[2026-07-22 17:08:49] All MUF services terminated.
[2026-07-22 17:08:51] HF MUF Boot Sequence Initiated
[2026-07-22 17:08:51] Starting psk_muf.sh...
[2026-07-22 17:08:53] psk_muf.sh running with PID: 693019
[2026-07-22 17:08:57] Starting wspr_muf.sh...
[2026-07-22 17:08:59] wspr_muf.sh running with PID: 693060
[2026-07-22 17:09:02] Starting propagation.sh...
[2026-07-22 17:09:04] propagation.sh running with PID: 693168
[2026-07-22 17:09:07] muf.sh already running. Skipping.
[2026-07-22 17:09:07] psk_gif.sh already running. Skipping.
[2026-07-22 17:09:07] SUCCESS: All MUF services online.
[2026-07-22 17:47:38] Shutdown requested. Stopping all MUF services...
[2026-07-22 17:47:39] All MUF services terminated.
[2026-07-22 17:47:39] Shutdown requested. Stopping all MUF services...
[2026-07-22 17:47:39] All MUF services terminated.
[2026-07-22 17:47:40] HF MUF Boot Sequence Initiated
[2026-07-22 17:47:40] Starting psk_muf.sh...
[2026-07-22 17:47:42] ERROR: psk_muf.sh exited immediately
[2026-07-22 17:47:45] Shutdown requested. Stopping all MUF services...
[2026-07-22 17:47:45] All MUF services terminated.
[2026-07-22 17:47:45] Shutdown requested. Stopping all MUF services...
[2026-07-22 17:47:46] All MUF services terminated.
[2026-07-22 18:27:56] HF MUF Boot Sequence Initiated
[2026-07-22 18:27:56] Starting psk_muf.sh...
[2026-07-22 18:27:58] psk_muf.sh running with PID: 738409
[2026-07-22 18:28:02] Starting wspr_muf.sh...
[2026-07-22 18:28:04] wspr_muf.sh running with PID: 738449
[2026-07-22 18:28:07] Starting propagation.sh...
[2026-07-22 18:28:09] propagation.sh running with PID: 738578
[2026-07-22 18:28:12] muf.sh already running. Skipping.
[2026-07-22 18:28:12] psk_gif.sh already running. Skipping.
[2026-07-22 18:28:12] SUCCESS: All MUF services online.
[2026-07-22 18:45:05] Shutdown requested. Stopping all MUF services...
[2026-07-22 18:45:05] All MUF services terminated.
[2026-07-22 18:53:07] HF MUF Boot Sequence Initiated
[2026-07-22 18:53:07] Starting psk_muf.sh...
[2026-07-22 18:53:09] psk_muf.sh running with PID: 6683
[2026-07-22 18:53:12] Starting wspr_muf.sh...
[2026-07-22 18:53:14] wspr_muf.sh running with PID: 6756
[2026-07-22 18:53:17] Starting propagation.sh...
[2026-07-22 18:53:19] propagation.sh running with PID: 7723
[2026-07-22 18:53:22] muf.sh already running. Skipping.
[2026-07-22 18:53:23] Starting psk_gif.sh...
[2026-07-22 18:53:25] psk_gif.sh running with PID: 7917
[2026-07-22 18:53:28] SUCCESS: All MUF services online.
[2026-07-23 16:57:40] Shutdown requested. Stopping all MUF services...
[2026-07-23 16:57:40] All MUF services terminated.
[2026-07-23 16:57:40] Shutdown requested. Stopping all MUF services...
[2026-07-23 16:57:40] All MUF services terminated.
[2026-07-23 16:57:45] HF MUF Boot Sequence Initiated
[2026-07-23 16:57:46] Starting psk_muf.sh...
[2026-07-23 16:57:48] psk_muf.sh running with PID: 3768371
[2026-07-23 16:57:51] Starting wspr_muf.sh...
[2026-07-23 16:57:53] wspr_muf.sh running with PID: 3768429
[2026-07-23 16:57:56] Starting propagation.sh...
[2026-07-23 16:57:58] propagation.sh running with PID: 3768465
[2026-07-23 16:58:01] muf.sh already running. Skipping.
[2026-07-23 16:58:01] Starting psk_gif.sh...
[2026-07-23 16:58:03] psk_gif.sh running with PID: 3769439
[2026-07-23 16:58:06] SUCCESS: All MUF services online.
[2026-07-24 15:36:11] Shutdown requested. Stopping all MUF services...
[2026-07-24 15:36:12] All MUF services terminated.
[2026-07-24 15:36:12] Shutdown requested. Stopping all MUF services...
[2026-07-24 15:36:12] All MUF services terminated.
[2026-07-24 15:45:49] HF MUF Boot Sequence Initiated
[2026-07-24 15:45:49] Starting psk_muf.sh...
[2026-07-24 15:45:51] psk_muf.sh running with PID: 3457739
[2026-07-24 15:45:55] Starting wspr_muf.sh...
[2026-07-24 15:45:57] wspr_muf.sh running with PID: 3457819
[2026-07-24 15:46:00] Starting propagation.sh...
[2026-07-24 15:46:02] propagation.sh running with PID: 3457980
[2026-07-24 15:46:05] muf.sh already running. Skipping.
[2026-07-24 15:46:05] Starting psk_gif.sh...
[2026-07-24 15:46:07] psk_gif.sh running with PID: 3458530
[2026-07-24 15:46:10] SUCCESS: All MUF services online.
[2026-07-24 16:07:09] Shutdown requested. Stopping all MUF services...
[2026-07-24 16:07:09] All MUF services terminated.
[2026-07-24 16:07:09] Shutdown requested. Stopping all MUF services...
[2026-07-24 16:07:09] Shutdown requested. Stopping all MUF services...
[2026-07-24 16:07:09] All MUF services terminated.
[2026-07-24 16:07:37] HF MUF Boot Sequence Initiated
[2026-07-24 16:07:37] Starting psk_muf.sh...
[2026-07-24 16:07:39] psk_muf.sh running with PID: 3512309
[2026-07-24 16:07:42] Starting wspr_muf.sh...
[2026-07-24 16:07:44] wspr_muf.sh running with PID: 3512401
[2026-07-24 16:07:47] Starting propagation.sh...
[2026-07-24 16:07:49] propagation.sh running with PID: 3512471
[2026-07-24 16:07:52] muf.sh already running. Skipping.
[2026-07-24 16:07:52] Starting psk_gif.sh...
[2026-07-24 16:07:54] psk_gif.sh running with PID: 3513239
[2026-07-24 16:07:57] SUCCESS: All MUF services online.
[2026-07-24 16:21:41] Shutdown requested. Stopping all MUF services...
[2026-07-24 16:21:41] All MUF services terminated.
[2026-07-24 16:21:41] Shutdown requested. Stopping all MUF services...
[2026-07-24 16:21:42] All MUF services terminated.
[2026-07-24 16:21:43] HF MUF Boot Sequence Initiated
[2026-07-24 16:21:43] Starting psk_muf.sh...
[2026-07-24 16:21:45] psk_muf.sh running with PID: 3546841
[2026-07-24 16:21:49] Starting wspr_muf.sh...
[2026-07-24 16:21:51] wspr_muf.sh running with PID: 3546951
[2026-07-24 16:21:54] Starting propagation.sh...
[2026-07-24 16:21:56] propagation.sh running with PID: 3547634
[2026-07-24 16:21:59] muf.sh already running. Skipping.
[2026-07-24 16:21:59] Starting psk_gif.sh...
[2026-07-24 16:22:01] psk_gif.sh running with PID: 3547862
[2026-07-24 16:22:04] SUCCESS: All MUF services online.
[2026-07-24 16:37:34] Shutdown requested. Stopping all MUF services...
[2026-07-24 16:37:34] All MUF services terminated.
[2026-07-24 16:37:34] Shutdown requested. Stopping all MUF services...
[2026-07-24 16:37:35] All MUF services terminated.
[2026-07-24 16:37:36] HF MUF Boot Sequence Initiated
[2026-07-24 16:37:36] Starting psk_muf.sh...
[2026-07-24 16:37:38] psk_muf.sh running with PID: 3586566
[2026-07-24 16:37:41] Starting wspr_muf.sh...
[2026-07-24 16:37:43] wspr_muf.sh running with PID: 3586606
[2026-07-24 16:37:46] Starting propagation.sh...
[2026-07-24 16:37:48] propagation.sh running with PID: 3586686
[2026-07-24 16:37:51] muf.sh already running. Skipping.
[2026-07-24 16:37:51] Starting psk_gif.sh...
[2026-07-24 16:37:53] psk_gif.sh running with PID: 3586983
[2026-07-24 16:37:56] SUCCESS: All MUF services online.
[2026-07-24 16:41:47] Shutdown requested. Stopping all MUF services...
[2026-07-24 16:41:47] All MUF services terminated.
[2026-07-24 16:41:47] Shutdown requested. Stopping all MUF services...
[2026-07-24 16:41:47] All MUF services terminated.
[2026-07-24 16:42:01] HF MUF Boot Sequence Initiated
[2026-07-24 16:42:01] Starting psk_muf.sh...
[2026-07-24 16:42:03] psk_muf.sh running with PID: 3597518
[2026-07-24 16:42:06] Starting wspr_muf.sh...
[2026-07-24 16:42:08] wspr_muf.sh running with PID: 3597579
[2026-07-24 16:42:11] Starting propagation.sh...
[2026-07-24 16:42:13] propagation.sh running with PID: 3598278
[2026-07-24 16:42:16] muf.sh already running. Skipping.
[2026-07-24 16:42:16] Starting psk_gif.sh...
[2026-07-24 16:42:18] psk_gif.sh running with PID: 3598486
[2026-07-24 16:42:22] SUCCESS: All MUF services online.
[2026-07-24 17:54:40] Shutdown requested. Stopping all MUF services...
[2026-07-24 17:54:41] All MUF services terminated.
[2026-07-24 17:54:41] Shutdown requested. Stopping all MUF services...
[2026-07-24 17:54:41] All MUF services terminated.
[2026-07-24 17:54:42] HF MUF Boot Sequence Initiated
[2026-07-24 17:54:42] Starting psk_muf.sh...
[2026-07-24 17:54:44] psk_muf.sh running with PID: 3776953
[2026-07-24 17:54:47] Starting wspr_muf.sh...
[2026-07-24 17:54:49] wspr_muf.sh running with PID: 3776994
[2026-07-24 17:54:52] Starting propagation.sh...
[2026-07-24 17:54:54] propagation.sh running with PID: 3777035
[2026-07-24 17:54:57] muf.sh already running. Skipping.
[2026-07-24 17:54:57] Starting psk_gif.sh...
[2026-07-24 17:54:59] psk_gif.sh running with PID: 3777992
[2026-07-24 17:55:03] SUCCESS: All MUF services online.
[2026-07-24 18:02:23] Shutdown requested. Stopping all MUF services...
[2026-07-24 18:02:23] All MUF services terminated.
[2026-07-24 18:02:23] Shutdown requested. Stopping all MUF services...
[2026-07-24 18:02:24] All MUF services terminated.
[2026-07-24 18:02:25] HF MUF Boot Sequence Initiated
[2026-07-24 18:02:25] Starting psk_muf.sh...
[2026-07-24 18:02:27] psk_muf.sh running with PID: 3796282
[2026-07-24 18:02:30] Starting wspr_muf.sh...
[2026-07-24 18:02:32] wspr_muf.sh running with PID: 3796324
[2026-07-24 18:02:35] Starting propagation.sh...
[2026-07-24 18:02:37] propagation.sh running with PID: 3796380
[2026-07-24 18:02:40] muf.sh already running. Skipping.
[2026-07-24 18:02:40] Starting psk_gif.sh...
[2026-07-24 18:02:42] psk_gif.sh running with PID: 3797240
[2026-07-24 18:02:45] SUCCESS: All MUF services online.
[2026-07-24 18:07:59] Shutdown requested. Stopping all MUF services...
[2026-07-24 18:07:59] All MUF services terminated.
[2026-07-24 18:07:59] Shutdown requested. Stopping all MUF services...
[2026-07-24 18:07:59] All MUF services terminated.
[2026-07-24 18:08:00] HF MUF Boot Sequence Initiated
[2026-07-24 18:08:00] Starting psk_muf.sh...
[2026-07-24 18:08:02] psk_muf.sh running with PID: 3810344
[2026-07-24 18:08:06] Starting wspr_muf.sh...
[2026-07-24 18:08:08] wspr_muf.sh running with PID: 3810388
[2026-07-24 18:08:11] Starting propagation.sh...
[2026-07-24 18:08:13] propagation.sh running with PID: 3810428
[2026-07-24 18:08:16] muf.sh already running. Skipping.
[2026-07-24 18:08:16] Starting psk_gif.sh...
[2026-07-24 18:08:18] psk_gif.sh running with PID: 3811271
[2026-07-24 18:08:21] SUCCESS: All MUF services online.
[2026-07-24 18:11:13] Shutdown requested. Stopping all MUF services...
[2026-07-24 18:11:13] All MUF services terminated.
[2026-07-24 18:11:13] Shutdown requested. Stopping all MUF services...
[2026-07-24 18:11:13] All MUF services terminated.
[2026-07-24 18:11:14] HF MUF Boot Sequence Initiated
[2026-07-24 18:11:14] Starting psk_muf.sh...
[2026-07-24 18:11:16] psk_muf.sh running with PID: 3818494
[2026-07-24 18:11:19] Starting wspr_muf.sh...
[2026-07-24 18:11:21] wspr_muf.sh running with PID: 3818535
[2026-07-24 18:11:24] Starting propagation.sh...
[2026-07-24 18:11:26] propagation.sh running with PID: 3819230
[2026-07-24 18:11:29] muf.sh already running. Skipping.
[2026-07-24 18:11:29] Starting psk_gif.sh...
[2026-07-24 18:11:31] psk_gif.sh running with PID: 3819420
[2026-07-24 18:11:34] SUCCESS: All MUF services online.
[2026-07-24 18:29:51] Shutdown requested. Stopping all MUF services...
[2026-07-24 18:29:51] All MUF services terminated.
[2026-07-24 18:29:51] Shutdown requested. Stopping all MUF services...
[2026-07-24 18:29:51] All MUF services terminated.
[2026-07-24 18:29:53] HF MUF Boot Sequence Initiated
[2026-07-24 18:29:53] Starting psk_muf.sh...
[2026-07-24 18:29:55] psk_muf.sh running with PID: 3863968
[2026-07-24 18:29:58] Starting wspr_muf.sh...
[2026-07-24 18:30:00] wspr_muf.sh running with PID: 3864689
[2026-07-24 18:30:03] Starting propagation.sh...
[2026-07-24 18:30:05] propagation.sh running with PID: 3864776
[2026-07-24 18:30:08] muf.sh already running. Skipping.
[2026-07-24 18:30:08] Starting psk_gif.sh...
[2026-07-24 18:30:10] psk_gif.sh running with PID: 3865121
[2026-07-24 18:30:13] SUCCESS: All MUF services online.
[2026-07-24 18:43:14] Shutdown requested. Stopping all MUF services...
[2026-07-24 18:43:14] All MUF services terminated.
[2026-07-24 18:43:14] Shutdown requested. Stopping all MUF services...
[2026-07-24 18:43:14] All MUF services terminated.
[2026-07-24 18:43:15] HF MUF Boot Sequence Initiated
[2026-07-24 18:43:15] Starting psk_muf.sh...
[2026-07-24 18:43:17] psk_muf.sh running with PID: 3897449
[2026-07-24 18:43:20] Starting wspr_muf.sh...
[2026-07-24 18:43:22] wspr_muf.sh running with PID: 3897508
[2026-07-24 18:43:25] Starting propagation.sh...
[2026-07-24 18:43:27] propagation.sh running with PID: 3897548
[2026-07-24 18:43:30] muf.sh already running. Skipping.
[2026-07-24 18:43:30] Starting psk_gif.sh...
[2026-07-24 18:43:32] psk_gif.sh running with PID: 3897737
[2026-07-24 18:43:35] SUCCESS: All MUF services online.
[2026-07-24 18:46:44] Shutdown requested. Stopping all MUF services...
[2026-07-24 18:46:44] All MUF services terminated.
[2026-07-24 18:46:44] Shutdown requested. Stopping all MUF services...
[2026-07-24 18:46:44] All MUF services terminated.
[2026-07-24 18:46:46] HF MUF Boot Sequence Initiated
[2026-07-24 18:46:46] Starting psk_muf.sh...
[2026-07-24 18:46:48] psk_muf.sh running with PID: 3906454
[2026-07-24 18:46:51] Starting wspr_muf.sh...
[2026-07-24 18:46:53] wspr_muf.sh running with PID: 3906541
[2026-07-24 18:46:56] Starting propagation.sh...
[2026-07-24 18:46:58] propagation.sh running with PID: 3906581
[2026-07-24 18:47:01] muf.sh already running. Skipping.
[2026-07-24 18:47:01] Starting psk_gif.sh...
[2026-07-24 18:47:03] psk_gif.sh running with PID: 3906768
[2026-07-24 18:47:06] SUCCESS: All MUF services online.
[2026-07-24 18:49:19] Shutdown requested. Stopping all MUF services...
[2026-07-24 18:49:19] All MUF services terminated.
[2026-07-24 18:49:19] Shutdown requested. Stopping all MUF services...
[2026-07-24 18:49:19] All MUF services terminated.
[2026-07-24 18:49:20] HF MUF Boot Sequence Initiated
[2026-07-24 18:49:20] Starting psk_muf.sh...
[2026-07-24 18:49:22] psk_muf.sh running with PID: 3912854
[2026-07-24 18:49:25] Starting wspr_muf.sh...
[2026-07-24 18:49:27] wspr_muf.sh running with PID: 3912901
[2026-07-24 18:49:30] Starting propagation.sh...
[2026-07-24 18:49:32] propagation.sh running with PID: 3913655
[2026-07-24 18:49:35] muf.sh already running. Skipping.
[2026-07-24 18:49:35] Starting psk_gif.sh...
[2026-07-24 18:49:37] psk_gif.sh running with PID: 3913879
[2026-07-24 18:49:41] SUCCESS: All MUF services online.
[2026-07-24 18:55:37] Shutdown requested. Stopping all MUF services...
[2026-07-24 18:55:37] All MUF services terminated.
[2026-07-24 18:55:37] Shutdown requested. Stopping all MUF services...
[2026-07-24 18:55:37] All MUF services terminated.
[2026-07-24 18:55:38] HF MUF Boot Sequence Initiated
[2026-07-24 18:55:38] Starting psk_muf.sh...
[2026-07-24 18:55:40] psk_muf.sh running with PID: 3928699
[2026-07-24 18:55:43] Starting wspr_muf.sh...
[2026-07-24 18:55:45] wspr_muf.sh running with PID: 3928739
[2026-07-24 18:55:48] Starting propagation.sh...
[2026-07-24 18:55:50] propagation.sh running with PID: 3929433
[2026-07-24 18:55:53] muf.sh already running. Skipping.
[2026-07-24 18:55:53] Starting psk_gif.sh...
[2026-07-24 18:55:55] psk_gif.sh running with PID: 3929621
[2026-07-24 18:55:58] SUCCESS: All MUF services online.
[2026-07-24 19:02:43] Shutdown requested. Stopping all MUF services...
[2026-07-24 19:02:43] All MUF services terminated.
[2026-07-24 19:02:43] Shutdown requested. Stopping all MUF services...
[2026-07-24 19:02:43] All MUF services terminated.
[2026-07-24 19:02:44] HF MUF Boot Sequence Initiated
[2026-07-24 19:02:44] Starting psk_muf.sh...
[2026-07-24 19:02:46] psk_muf.sh running with PID: 3946143
[2026-07-24 19:02:49] Starting wspr_muf.sh...
[2026-07-24 19:02:51] wspr_muf.sh running with PID: 3946873
[2026-07-24 19:02:54] Starting propagation.sh...
[2026-07-24 19:02:56] propagation.sh running with PID: 3946943
[2026-07-24 19:02:59] muf.sh already running. Skipping.
[2026-07-24 19:02:59] Starting psk_gif.sh...
[2026-07-24 19:03:01] psk_gif.sh running with PID: 3947131
[2026-07-24 19:03:05] SUCCESS: All MUF services online.
[2026-07-25 16:48:38] Shutdown requested. Stopping all MUF services...
[2026-07-25 16:48:38] All MUF services terminated.
[2026-07-25 16:48:38] Shutdown requested. Stopping all MUF services...
[2026-07-25 16:48:38] All MUF services terminated.
[2026-07-25 16:48:40] HF MUF Boot Sequence Initiated
[2026-07-25 16:48:40] Starting psk_muf.sh...
[2026-07-25 16:48:42] psk_muf.sh running with PID: 2955837
[2026-07-25 16:48:45] Starting wspr_muf.sh...
[2026-07-25 16:48:47] wspr_muf.sh running with PID: 2955884
[2026-07-25 16:48:50] Starting propagation.sh...
[2026-07-25 16:48:52] propagation.sh running with PID: 2955936
[2026-07-25 16:48:55] muf.sh already running. Skipping.
[2026-07-25 16:48:55] Starting psk_gif.sh...
[2026-07-25 16:48:57] psk_gif.sh running with PID: 2956163
[2026-07-25 16:49:00] SUCCESS: All MUF services online.
[2026-07-25 17:16:40] Shutdown requested. Stopping all MUF services...
[2026-07-25 17:16:41] All MUF services terminated.
[2026-07-25 17:16:41] Shutdown requested. Stopping all MUF services...
[2026-07-25 17:16:41] All MUF services terminated.
[2026-07-25 17:16:42] HF MUF Boot Sequence Initiated
[2026-07-25 17:16:42] Starting psk_muf.sh...
[2026-07-25 17:16:44] psk_muf.sh running with PID: 3024371
[2026-07-25 17:16:47] Starting wspr_muf.sh...
[2026-07-25 17:16:49] wspr_muf.sh running with PID: 3024411
[2026-07-25 17:16:52] Starting propagation.sh...
[2026-07-25 17:16:54] propagation.sh running with PID: 3024468
[2026-07-25 17:16:57] muf.sh already running. Skipping.
[2026-07-25 17:16:57] Starting psk_gif.sh...
[2026-07-25 17:16:59] psk_gif.sh running with PID: 3024656
[2026-07-25 17:17:03] SUCCESS: All MUF services online.
[2026-07-25 17:21:27] Shutdown requested. Stopping all MUF services...
[2026-07-25 17:21:27] All MUF services terminated.
[2026-07-25 17:21:27] Shutdown requested. Stopping all MUF services...
[2026-07-25 17:21:27] All MUF services terminated.
[2026-07-25 17:21:28] HF MUF Boot Sequence Initiated
[2026-07-25 17:21:29] Starting psk_muf.sh...
[2026-07-25 17:21:31] psk_muf.sh running with PID: 3035983
[2026-07-25 17:21:34] Starting wspr_muf.sh...
[2026-07-25 17:21:36] wspr_muf.sh running with PID: 3036696
[2026-07-25 17:21:39] Starting propagation.sh...
[2026-07-25 17:21:41] propagation.sh running with PID: 3036811
[2026-07-25 17:21:44] muf.sh already running. Skipping.
[2026-07-25 17:21:44] Starting psk_gif.sh...
[2026-07-25 17:21:46] psk_gif.sh running with PID: 3037013
[2026-07-25 17:21:49] SUCCESS: All MUF services online.
[2026-07-25 17:23:58] Shutdown requested. Stopping all MUF services...
[2026-07-25 17:23:58] All MUF services terminated.
[2026-07-25 17:23:58] Shutdown requested. Stopping all MUF services...
[2026-07-25 17:23:58] All MUF services terminated.
[2026-07-25 17:23:59] HF MUF Boot Sequence Initiated
[2026-07-25 17:24:00] Starting psk_muf.sh...
[2026-07-25 17:24:02] psk_muf.sh running with PID: 3043084
[2026-07-25 17:24:05] Starting wspr_muf.sh...
[2026-07-25 17:24:07] wspr_muf.sh running with PID: 3043126
[2026-07-25 17:24:10] Starting propagation.sh...
[2026-07-25 17:24:12] propagation.sh running with PID: 3043184
[2026-07-25 17:24:15] muf.sh already running. Skipping.
[2026-07-25 17:24:15] Starting psk_gif.sh...
[2026-07-25 17:24:17] psk_gif.sh running with PID: 3043420
[2026-07-25 17:24:20] SUCCESS: All MUF services online.
[2026-07-25 17:25:41] Shutdown requested. Stopping all MUF services...
[2026-07-25 17:25:41] All MUF services terminated.
[2026-07-25 17:25:41] Shutdown requested. Stopping all MUF services...
[2026-07-25 17:25:41] All MUF services terminated.
[2026-07-25 17:25:46] HF MUF Boot Sequence Initiated
[2026-07-25 17:25:46] Starting psk_muf.sh...
[2026-07-25 17:25:48] psk_muf.sh running with PID: 3047784
[2026-07-25 17:25:52] Starting wspr_muf.sh...
[2026-07-25 17:25:54] wspr_muf.sh running with PID: 3047824
[2026-07-25 17:25:57] Starting propagation.sh...
[2026-07-25 17:25:59] propagation.sh running with PID: 3047864
[2026-07-25 17:26:02] muf.sh already running. Skipping.
[2026-07-25 17:26:02] Starting psk_gif.sh...
[2026-07-25 17:26:04] psk_gif.sh running with PID: 3048070
[2026-07-25 17:26:07] SUCCESS: All MUF services online.
[2026-07-25 17:31:48] Shutdown requested. Stopping all MUF services...
[2026-07-25 17:31:48] All MUF services terminated.
[2026-07-25 17:31:48] Shutdown requested. Stopping all MUF services...
[2026-07-25 17:31:48] All MUF services terminated.
[2026-07-25 17:31:50] HF MUF Boot Sequence Initiated
[2026-07-25 17:31:50] Starting psk_muf.sh...
[2026-07-25 17:31:52] psk_muf.sh running with PID: 3062581
[2026-07-25 17:31:55] Starting wspr_muf.sh...
[2026-07-25 17:31:57] wspr_muf.sh running with PID: 3062620
[2026-07-25 17:32:00] Starting propagation.sh...
[2026-07-25 17:32:02] propagation.sh running with PID: 3062664
[2026-07-25 17:32:05] muf.sh already running. Skipping.
[2026-07-25 17:32:05] Starting psk_gif.sh...
[2026-07-25 17:32:07] psk_gif.sh running with PID: 3063512
[2026-07-25 17:32:10] SUCCESS: All MUF services online.
[2026-07-25 17:40:17] Shutdown requested. Stopping all MUF services...
[2026-07-25 17:40:17] All MUF services terminated.
[2026-07-25 17:40:17] Shutdown requested. Stopping all MUF services...
[2026-07-25 17:40:17] All MUF services terminated.
[2026-07-25 17:40:19] HF MUF Boot Sequence Initiated
[2026-07-25 17:40:19] Starting psk_muf.sh...
[2026-07-25 17:40:21] psk_muf.sh running with PID: 3083396
[2026-07-25 17:40:24] Starting wspr_muf.sh...
[2026-07-25 17:40:26] wspr_muf.sh running with PID: 3083526
[2026-07-25 17:40:29] Starting propagation.sh...
[2026-07-25 17:40:31] propagation.sh running with PID: 3084314
[2026-07-25 17:40:34] muf.sh already running. Skipping.
[2026-07-25 17:40:34] Starting psk_gif.sh...
[2026-07-25 17:40:36] psk_gif.sh running with PID: 3084512
[2026-07-25 17:40:39] SUCCESS: All MUF services online.
[2026-07-25 17:41:10] Shutdown requested. Stopping all MUF services...
[2026-07-25 17:41:10] All MUF services terminated.
[2026-07-25 17:41:10] Shutdown requested. Stopping all MUF services...
[2026-07-25 17:41:10] All MUF services terminated.
[2026-07-25 17:41:12] HF MUF Boot Sequence Initiated
[2026-07-25 17:41:12] Starting psk_muf.sh...
[2026-07-25 17:41:14] psk_muf.sh running with PID: 3085981
[2026-07-25 17:41:18] Starting wspr_muf.sh...
[2026-07-25 17:41:20] wspr_muf.sh running with PID: 3086040
[2026-07-25 17:41:23] Starting propagation.sh...
[2026-07-25 17:41:25] propagation.sh running with PID: 3086081
[2026-07-25 17:41:28] muf.sh already running. Skipping.
[2026-07-25 17:41:28] Starting psk_gif.sh...
[2026-07-25 17:41:30] psk_gif.sh running with PID: 3086324
[2026-07-25 17:41:33] SUCCESS: All MUF services online.
[2026-07-25 17:44:36] Shutdown requested. Stopping all MUF services...
[2026-07-25 17:44:37] All MUF services terminated.
[2026-07-25 17:44:37] Shutdown requested. Stopping all MUF services...
[2026-07-25 17:44:37] All MUF services terminated.
[2026-07-25 17:44:38] HF MUF Boot Sequence Initiated
[2026-07-25 17:44:38] Starting psk_muf.sh...
[2026-07-25 17:44:40] psk_muf.sh running with PID: 3094751
[2026-07-25 17:44:43] Starting wspr_muf.sh...
[2026-07-25 17:44:45] wspr_muf.sh running with PID: 3094889
[2026-07-25 17:44:48] Starting propagation.sh...
[2026-07-25 17:44:50] propagation.sh running with PID: 3094930
[2026-07-25 17:44:53] muf.sh already running. Skipping.
[2026-07-25 17:44:53] Starting psk_gif.sh...
[2026-07-25 17:44:55] psk_gif.sh running with PID: 3095121
[2026-07-25 17:44:58] SUCCESS: All MUF services online.
[2026-07-25 17:49:07] Shutdown requested. Stopping all MUF services...
[2026-07-25 17:49:07] All MUF services terminated.
[2026-07-25 17:49:07] Shutdown requested. Stopping all MUF services...
[2026-07-25 17:49:07] All MUF services terminated.
[2026-07-25 17:49:09] HF MUF Boot Sequence Initiated
[2026-07-25 17:49:09] Starting psk_muf.sh...
[2026-07-25 17:49:11] psk_muf.sh running with PID: 3105400
[2026-07-25 17:49:14] Starting wspr_muf.sh...
[2026-07-25 17:49:16] wspr_muf.sh running with PID: 3106096
[2026-07-25 17:49:19] Starting propagation.sh...
[2026-07-25 17:49:21] propagation.sh running with PID: 3106139
[2026-07-25 17:49:24] muf.sh already running. Skipping.
[2026-07-25 17:49:24] Starting psk_gif.sh...
[2026-07-25 17:49:26] psk_gif.sh running with PID: 3106352
[2026-07-25 17:49:29] SUCCESS: All MUF services online.
[2026-07-25 17:53:33] Shutdown requested. Stopping all MUF services...
[2026-07-25 17:53:34] All MUF services terminated.
[2026-07-25 17:53:34] Shutdown requested. Stopping all MUF services...
[2026-07-25 17:53:34] All MUF services terminated.
[2026-07-25 17:53:36] HF MUF Boot Sequence Initiated
[2026-07-25 17:53:37] Starting psk_muf.sh...
[2026-07-25 17:53:39] psk_muf.sh running with PID: 3116657
[2026-07-25 17:53:42] Starting wspr_muf.sh...
[2026-07-25 17:53:44] wspr_muf.sh running with PID: 3116732
[2026-07-25 17:53:47] Starting propagation.sh...
[2026-07-25 17:53:49] propagation.sh running with PID: 3118400
[2026-07-25 17:53:52] muf.sh already running. Skipping.
[2026-07-25 17:53:52] Starting psk_gif.sh...
[2026-07-25 17:53:54] psk_gif.sh running with PID: 3118755
[2026-07-25 17:53:57] SUCCESS: All MUF services online.
[2026-07-25 18:09:54] Shutdown requested. Stopping all MUF services...
[2026-07-25 18:09:54] All MUF services terminated.
[2026-07-25 18:09:54] Shutdown requested. Stopping all MUF services...
[2026-07-25 18:09:54] All MUF services terminated.
[2026-07-25 18:09:56] HF MUF Boot Sequence Initiated
[2026-07-25 18:09:56] Starting psk_muf.sh...
[2026-07-25 18:09:58] psk_muf.sh running with PID: 3157032
[2026-07-25 18:10:01] Starting wspr_muf.sh...
[2026-07-25 18:10:03] wspr_muf.sh running with PID: 3157086
[2026-07-25 18:10:06] Starting propagation.sh...
[2026-07-25 18:10:08] propagation.sh running with PID: 3157216
[2026-07-25 18:10:11] muf.sh already running. Skipping.
[2026-07-25 18:10:11] Starting psk_gif.sh...
[2026-07-25 18:10:13] psk_gif.sh running with PID: 3157934
[2026-07-25 18:10:16] SUCCESS: All MUF services online.
[2026-07-25 18:20:01] Shutdown requested. Stopping all MUF services...
[2026-07-25 18:20:01] All MUF services terminated.
[2026-07-25 18:20:01] Shutdown requested. Stopping all MUF services...
[2026-07-25 18:20:01] All MUF services terminated.
[2026-07-25 18:20:03] HF MUF Boot Sequence Initiated
[2026-07-25 18:20:03] Starting psk_muf.sh...
[2026-07-25 18:20:05] psk_muf.sh running with PID: 3181944
[2026-07-25 18:20:08] Starting wspr_muf.sh...
[2026-07-25 18:20:10] wspr_muf.sh running with PID: 3182026
[2026-07-25 18:20:13] Starting propagation.sh...
[2026-07-25 18:20:15] propagation.sh running with PID: 3182271
[2026-07-25 18:20:18] muf.sh already running. Skipping.
[2026-07-25 18:20:18] Starting psk_gif.sh...
[2026-07-25 18:20:20] psk_gif.sh running with PID: 3183134
[2026-07-25 18:20:23] SUCCESS: All MUF services online.
[2026-07-25 18:23:32] Shutdown requested. Stopping all MUF services...
[2026-07-25 18:23:32] All MUF services terminated.
[2026-07-25 18:23:32] Shutdown requested. Stopping all MUF services...
[2026-07-25 18:23:32] All MUF services terminated.
[2026-07-25 18:23:34] HF MUF Boot Sequence Initiated
[2026-07-25 18:23:34] Starting psk_muf.sh...
[2026-07-25 18:23:36] psk_muf.sh running with PID: 3190898
[2026-07-25 18:23:39] Starting wspr_muf.sh...
[2026-07-25 18:23:41] wspr_muf.sh running with PID: 3190982
[2026-07-25 18:23:44] Starting propagation.sh...
[2026-07-25 18:23:46] propagation.sh running with PID: 3191036
[2026-07-25 18:23:49] muf.sh already running. Skipping.
[2026-07-25 18:23:49] Starting psk_gif.sh...
[2026-07-25 18:23:51] psk_gif.sh running with PID: 3191881
[2026-07-25 18:23:54] SUCCESS: All MUF services online.
[2026-07-25 18:25:49] Shutdown requested. Stopping all MUF services...
[2026-07-25 18:25:49] All MUF services terminated.
[2026-07-25 18:25:49] Shutdown requested. Stopping all MUF services...
[2026-07-25 18:25:49] All MUF services terminated.
[2026-07-25 18:25:53] HF MUF Boot Sequence Initiated
[2026-07-25 18:25:53] Starting psk_muf.sh...
[2026-07-25 18:25:55] psk_muf.sh running with PID: 3197211
[2026-07-25 18:25:58] Starting wspr_muf.sh...
[2026-07-25 18:26:00] wspr_muf.sh running with PID: 3197368
[2026-07-25 18:26:03] Starting propagation.sh...
[2026-07-25 18:26:05] propagation.sh running with PID: 3197433
[2026-07-25 18:26:08] muf.sh already running. Skipping.
[2026-07-25 18:26:08] Starting psk_gif.sh...
[2026-07-25 18:26:10] psk_gif.sh running with PID: 3197485
[2026-07-25 18:26:14] SUCCESS: All MUF services online.
[2026-07-25 18:26:53] Shutdown requested. Stopping all MUF services...
[2026-07-25 18:26:54] All MUF services terminated.
[2026-07-25 18:26:54] Shutdown requested. Stopping all MUF services...
[2026-07-25 18:26:54] All MUF services terminated.
[2026-07-25 18:26:55] HF MUF Boot Sequence Initiated
[2026-07-25 18:26:55] Starting psk_muf.sh...
[2026-07-25 18:26:57] psk_muf.sh running with PID: 3199492
[2026-07-25 18:27:00] Starting wspr_muf.sh...
[2026-07-25 18:27:02] wspr_muf.sh running with PID: 3200185
[2026-07-25 18:27:05] Starting propagation.sh...
[2026-07-25 18:27:07] propagation.sh running with PID: 3200242
[2026-07-25 18:27:10] muf.sh already running. Skipping.
[2026-07-25 18:27:10] Starting psk_gif.sh...
[2026-07-25 18:27:12] psk_gif.sh running with PID: 3200434
[2026-07-25 18:27:16] SUCCESS: All MUF services online.
[2026-07-25 18:39:16] Shutdown requested. Stopping all MUF services...
[2026-07-25 18:39:16] All MUF services terminated.
[2026-07-25 18:39:16] Shutdown requested. Stopping all MUF services...
[2026-07-25 18:39:16] All MUF services terminated.
[2026-07-25 18:39:18] HF MUF Boot Sequence Initiated
[2026-07-25 18:39:18] Starting psk_muf.sh...
[2026-07-25 18:39:20] psk_muf.sh running with PID: 3230159
[2026-07-25 18:39:23] Starting wspr_muf.sh...
[2026-07-25 18:39:25] wspr_muf.sh running with PID: 3230200
[2026-07-25 18:39:28] Starting propagation.sh...
[2026-07-25 18:39:30] propagation.sh running with PID: 3230241
[2026-07-25 18:39:33] muf.sh already running. Skipping.
[2026-07-25 18:39:33] Starting psk_gif.sh...
[2026-07-25 18:39:35] psk_gif.sh running with PID: 3231081
[2026-07-25 18:39:38] SUCCESS: All MUF services online.
[2026-07-25 18:44:47] Shutdown requested. Stopping all MUF services...
[2026-07-25 18:44:47] All MUF services terminated.
[2026-07-25 18:44:47] Shutdown requested. Stopping all MUF services...
[2026-07-25 18:44:47] All MUF services terminated.
[2026-07-25 18:44:48] HF MUF Boot Sequence Initiated
[2026-07-25 18:44:48] Starting psk_muf.sh...
[2026-07-25 18:44:50] psk_muf.sh running with PID: 3244376
[2026-07-25 18:44:53] Starting wspr_muf.sh...
[2026-07-25 18:44:55] wspr_muf.sh running with PID: 3244497
[2026-07-25 18:44:58] Starting propagation.sh...
[2026-07-25 18:45:00] propagation.sh running with PID: 3244693
[2026-07-25 18:45:03] muf.sh already running. Skipping.
[2026-07-25 18:45:03] Starting psk_gif.sh...
[2026-07-25 18:45:05] psk_gif.sh running with PID: 3244882
[2026-07-25 18:45:08] SUCCESS: All MUF services online.
[2026-07-25 22:35:26] Shutdown requested. Stopping all MUF services...
[2026-07-25 22:35:26] All MUF services terminated.
[2026-07-25 22:35:26] Shutdown requested. Stopping all MUF services...
[2026-07-25 22:35:26] All MUF services terminated.
[2026-07-25 22:35:29] HF MUF Boot Sequence Initiated
[2026-07-25 22:35:29] Starting psk_muf.sh...
[2026-07-25 22:35:31] psk_muf.sh running with PID: 3819338
[2026-07-25 22:35:34] Starting wspr_muf.sh...
[2026-07-25 22:35:36] wspr_muf.sh running with PID: 3819408
[2026-07-25 22:35:39] Starting propagation.sh...
[2026-07-25 22:35:41] propagation.sh running with PID: 3819448
[2026-07-25 22:35:44] muf.sh already running. Skipping.
[2026-07-25 22:35:44] Starting psk_gif.sh...
[2026-07-25 22:35:46] psk_gif.sh running with PID: 3820298
[2026-07-25 22:35:49] SUCCESS: All MUF services online.
[2026-07-25 22:40:46] Shutdown requested. Stopping all MUF services...
[2026-07-25 22:40:46] All MUF services terminated.
[2026-07-25 22:40:46] Shutdown requested. Stopping all MUF services...
[2026-07-25 22:40:46] All MUF services terminated.
[2026-07-25 22:40:48] HF MUF Boot Sequence Initiated
[2026-07-25 22:40:48] Starting psk_muf.sh...
[2026-07-25 22:40:50] psk_muf.sh running with PID: 3832582
[2026-07-25 22:40:53] Starting wspr_muf.sh...
[2026-07-25 22:40:55] wspr_muf.sh running with PID: 3832622
[2026-07-25 22:40:58] Starting propagation.sh...
[2026-07-25 22:41:00] propagation.sh running with PID: 3833325
[2026-07-25 22:41:03] muf.sh already running. Skipping.
[2026-07-25 22:41:03] Starting psk_gif.sh...
[2026-07-25 22:41:05] psk_gif.sh running with PID: 3833579
[2026-07-25 22:41:08] SUCCESS: All MUF services online.
[2026-07-25 22:42:27] Shutdown requested. Stopping all MUF services...
[2026-07-25 22:42:27] All MUF services terminated.
[2026-07-25 22:42:27] Shutdown requested. Stopping all MUF services...
[2026-07-25 22:42:27] All MUF services terminated.
[2026-07-25 22:42:30] HF MUF Boot Sequence Initiated
[2026-07-25 22:42:30] Starting psk_muf.sh...
[2026-07-25 22:42:32] psk_muf.sh running with PID: 3836937
[2026-07-25 22:42:35] Starting wspr_muf.sh...
[2026-07-25 22:42:37] wspr_muf.sh running with PID: 3837010
[2026-07-25 22:42:40] Starting propagation.sh...
[2026-07-25 22:42:42] propagation.sh running with PID: 3837092
[2026-07-25 22:42:45] muf.sh already running. Skipping.
[2026-07-25 22:42:45] Starting psk_gif.sh...
[2026-07-25 22:42:47] psk_gif.sh running with PID: 3837952
[2026-07-25 22:42:50] SUCCESS: All MUF services online.
[2026-07-25 22:43:51] Shutdown requested. Stopping all MUF services...
[2026-07-25 22:43:51] All MUF services terminated.
[2026-07-25 22:43:51] Shutdown requested. Stopping all MUF services...
[2026-07-25 22:43:51] All MUF services terminated.
[2026-07-25 22:43:53] HF MUF Boot Sequence Initiated
[2026-07-25 22:43:53] Starting psk_muf.sh...
[2026-07-25 22:43:55] psk_muf.sh running with PID: 3840617
[2026-07-25 22:43:59] Starting wspr_muf.sh...
[2026-07-25 22:44:01] wspr_muf.sh running with PID: 3840657
[2026-07-25 22:44:04] Starting propagation.sh...
[2026-07-25 22:44:06] propagation.sh running with PID: 3840712
[2026-07-25 22:44:09] muf.sh already running. Skipping.
[2026-07-25 22:44:09] Starting psk_gif.sh...
[2026-07-25 22:44:11] psk_gif.sh running with PID: 3841624
[2026-07-25 22:44:14] SUCCESS: All MUF services online.
[2026-07-26 10:37:37] Shutdown requested. Stopping all MUF services...
[2026-07-26 10:37:37] All MUF services terminated.
[2026-07-26 10:37:37] Shutdown requested. Stopping all MUF services...
[2026-07-26 10:37:37] All MUF services terminated.
[2026-07-26 10:37:39] HF MUF Boot Sequence Initiated
[2026-07-26 10:37:39] Starting psk_muf.sh...
[2026-07-26 10:37:41] psk_muf.sh running with PID: 1287551
[2026-07-26 10:37:44] Starting wspr_muf.sh...
[2026-07-26 10:37:46] wspr_muf.sh running with PID: 1287623
[2026-07-26 10:37:49] Starting propagation.sh...
[2026-07-26 10:37:51] propagation.sh running with PID: 1287678
[2026-07-26 10:37:54] muf.sh already running. Skipping.
[2026-07-26 10:37:55] Starting psk_gif.sh...
[2026-07-26 10:37:57] psk_gif.sh running with PID: 1287921
[2026-07-26 10:38:00] SUCCESS: All MUF services online.
[2026-07-26 11:21:44] Shutdown requested. Stopping all MUF services...
[2026-07-26 11:21:44] All MUF services terminated.
[2026-07-26 11:21:44] Shutdown requested. Stopping all MUF services...
[2026-07-26 11:21:44] All MUF services terminated.
[2026-07-26 11:21:46] HF MUF Boot Sequence Initiated
[2026-07-26 11:21:46] Starting psk_muf.sh...
[2026-07-26 11:21:48] ERROR: psk_muf.sh exited immediately
[2026-07-26 11:21:51] Starting wspr_muf.sh...
[2026-07-26 11:21:53] wspr_muf.sh running with PID: 1388913
[2026-07-26 11:21:56] Starting propagation.sh...
[2026-07-26 11:21:58] propagation.sh running with PID: 1388969
[2026-07-26 11:22:01] muf.sh already running. Skipping.
[2026-07-26 11:22:01] Starting psk_gif.sh...
[2026-07-26 11:22:03] psk_gif.sh running with PID: 1389204
[2026-07-26 11:22:06] WARNING: One or more services offline.
[2026-07-26 11:22:11] Shutdown requested. Stopping all MUF services...
[2026-07-26 11:22:11] All MUF services terminated.
[2026-07-26 11:22:11] Shutdown requested. Stopping all MUF services...
[2026-07-26 11:22:11] All MUF services terminated.
[2026-07-26 11:22:12] HF MUF Boot Sequence Initiated
[2026-07-26 11:22:13] Starting psk_muf.sh...
[2026-07-26 11:22:15] psk_muf.sh running with PID: 1389579
[2026-07-26 11:22:18] Starting wspr_muf.sh...
[2026-07-26 11:22:20] wspr_muf.sh running with PID: 1389656
[2026-07-26 11:22:23] Starting propagation.sh...
[2026-07-26 11:22:25] propagation.sh running with PID: 1389702
[2026-07-26 11:22:28] muf.sh already running. Skipping.
[2026-07-26 11:22:28] Starting psk_gif.sh...
[2026-07-26 11:22:30] psk_gif.sh running with PID: 1390474
[2026-07-26 11:22:33] SUCCESS: All MUF services online.
[2026-07-26 14:05:15] Shutdown requested. Stopping all MUF services...
[2026-07-26 14:05:15] All MUF services terminated.
[2026-07-26 14:05:15] Shutdown requested. Stopping all MUF services...
[2026-07-26 14:05:15] All MUF services terminated.
[2026-07-26 14:05:19] HF MUF Boot Sequence Initiated
[2026-07-26 14:05:19] Starting psk_muf.sh...
[2026-07-26 14:05:21] psk_muf.sh running with PID: 1715113
[2026-07-26 14:05:24] Starting wspr_muf.sh...
[2026-07-26 14:05:26] wspr_muf.sh running with PID: 1715175
[2026-07-26 14:05:29] Starting propagation.sh...
[2026-07-26 14:05:31] propagation.sh running with PID: 1715214
[2026-07-26 14:05:34] muf.sh already running. Skipping.
[2026-07-26 14:05:34] Starting psk_gif.sh...
[2026-07-26 14:05:36] psk_gif.sh running with PID: 1715516
[2026-07-26 14:05:40] SUCCESS: All MUF services online.
[2026-07-26 14:26:21] Shutdown requested. Stopping all MUF services...
[2026-07-26 14:26:21] All MUF services terminated.
[2026-07-26 14:26:21] Shutdown requested. Stopping all MUF services...
[2026-07-26 14:26:21] All MUF services terminated.
[2026-07-26 14:26:23] HF MUF Boot Sequence Initiated
[2026-07-26 14:26:23] Starting psk_muf.sh...
[2026-07-26 14:26:25] psk_muf.sh running with PID: 1742920
[2026-07-26 14:26:28] Starting wspr_muf.sh...
[2026-07-26 14:26:30] wspr_muf.sh running with PID: 1743108
[2026-07-26 14:26:33] Starting propagation.sh...
[2026-07-26 14:26:35] propagation.sh running with PID: 1743232
[2026-07-26 14:26:38] muf.sh already running. Skipping.
[2026-07-26 14:26:38] Starting psk_gif.sh...
[2026-07-26 14:26:40] psk_gif.sh running with PID: 1743671
[2026-07-26 14:26:43] WARNING: One or more services offline.
[2026-07-26 14:35:54] Shutdown requested. Stopping all MUF services...
[2026-07-26 14:35:55] All MUF services terminated.
[2026-07-26 14:35:55] Shutdown requested. Stopping all MUF services...
[2026-07-26 14:35:55] All MUF services terminated.
[2026-07-26 14:35:56] HF MUF Boot Sequence Initiated
[2026-07-26 14:35:56] Starting psk_muf.sh...
[2026-07-26 14:35:58] psk_muf.sh running with PID: 1754906
[2026-07-26 14:36:01] Starting wspr_muf.sh...
[2026-07-26 14:36:03] wspr_muf.sh running with PID: 1754946
[2026-07-26 14:36:06] Starting propagation.sh...
[2026-07-26 14:36:08] propagation.sh running with PID: 1754992
[2026-07-26 14:36:11] muf.sh already running. Skipping.
[2026-07-26 14:36:12] Starting psk_gif.sh...
[2026-07-26 14:36:14] psk_gif.sh running with PID: 1755207
[2026-07-26 14:36:17] WARNING: One or more services offline.
[2026-07-26 14:45:04] Shutdown requested. Stopping all MUF services...
[2026-07-26 14:45:04] All MUF services terminated.
[2026-07-26 14:45:04] Shutdown requested. Stopping all MUF services...
[2026-07-26 14:45:04] All MUF services terminated.
[2026-07-26 14:45:06] HF MUF Boot Sequence Initiated
[2026-07-26 14:45:06] Starting psk_muf.sh...
[2026-07-26 14:45:08] psk_muf.sh running with PID: 1763277
[2026-07-26 14:45:11] Starting wspr_muf.sh...
[2026-07-26 14:45:13] wspr_muf.sh running with PID: 1763421
[2026-07-26 14:45:16] Starting propagation.sh...
[2026-07-26 14:45:18] propagation.sh running with PID: 1763569
[2026-07-26 14:45:21] muf.sh already running. Skipping.
[2026-07-26 14:45:21] Starting psk_gif.sh...
[2026-07-26 14:45:23] psk_gif.sh running with PID: 1763817
[2026-07-26 14:45:26] SUCCESS: All MUF services online.
[2026-07-26 14:48:31] Shutdown requested. Stopping all MUF services...
[2026-07-26 14:48:31] All MUF services terminated.
[2026-07-26 14:48:31] Shutdown requested. Stopping all MUF services...
[2026-07-26 14:48:31] All MUF services terminated.
[2026-07-26 14:48:33] HF MUF Boot Sequence Initiated
[2026-07-26 14:48:33] Starting psk_muf.sh...
[2026-07-26 14:48:35] psk_muf.sh running with PID: 1766675
[2026-07-26 14:48:38] Starting wspr_muf.sh...
[2026-07-26 14:48:40] wspr_muf.sh running with PID: 1767374
[2026-07-26 14:48:43] Starting propagation.sh...
[2026-07-26 14:48:45] propagation.sh running with PID: 1767548
[2026-07-26 14:48:48] muf.sh already running. Skipping.
[2026-07-26 14:48:48] Starting psk_gif.sh...
[2026-07-26 14:48:50] psk_gif.sh running with PID: 1767747
[2026-07-26 14:48:53] SUCCESS: All MUF services online.
[2026-07-26 14:50:53] Shutdown requested. Stopping all MUF services...
[2026-07-26 14:50:53] All MUF services terminated.
[2026-07-26 14:50:53] Shutdown requested. Stopping all MUF services...
[2026-07-26 14:50:53] All MUF services terminated.
[2026-07-26 14:50:55] HF MUF Boot Sequence Initiated
[2026-07-26 14:50:55] Starting psk_muf.sh...
[2026-07-26 14:50:57] psk_muf.sh running with PID: 1773212
[2026-07-26 14:51:00] Starting wspr_muf.sh...
[2026-07-26 14:51:02] wspr_muf.sh running with PID: 1773264
[2026-07-26 14:51:05] Starting propagation.sh...
[2026-07-26 14:51:07] propagation.sh running with PID: 1773957
[2026-07-26 14:51:10] muf.sh already running. Skipping.
[2026-07-26 14:51:10] Starting psk_gif.sh...
[2026-07-26 14:51:12] psk_gif.sh running with PID: 1774161
[2026-07-26 14:51:15] SUCCESS: All MUF services online.
[2026-07-26 14:54:37] Shutdown requested. Stopping all MUF services...
[2026-07-26 14:54:37] All MUF services terminated.
[2026-07-26 14:54:37] Shutdown requested. Stopping all MUF services...
[2026-07-26 14:54:37] All MUF services terminated.
[2026-07-26 14:54:38] HF MUF Boot Sequence Initiated
[2026-07-26 14:54:39] Starting psk_muf.sh...
[2026-07-26 14:54:41] psk_muf.sh running with PID: 1782804
[2026-07-26 14:54:44] Starting wspr_muf.sh...
[2026-07-26 14:54:46] wspr_muf.sh running with PID: 1782981
[2026-07-26 14:54:49] Starting propagation.sh...
[2026-07-26 14:54:51] propagation.sh running with PID: 1783175
[2026-07-26 14:54:54] muf.sh already running. Skipping.
[2026-07-26 14:54:54] Starting psk_gif.sh...
[2026-07-26 14:54:56] psk_gif.sh running with PID: 1783714
[2026-07-26 14:54:59] SUCCESS: All MUF services online.
[2026-07-26 14:57:55] Shutdown requested. Stopping all MUF services...
[2026-07-26 14:57:55] All MUF services terminated.
[2026-07-26 14:57:55] Shutdown requested. Stopping all MUF services...
[2026-07-26 14:57:55] All MUF services terminated.
[2026-07-26 14:57:56] HF MUF Boot Sequence Initiated
[2026-07-26 14:57:56] Starting psk_muf.sh...
[2026-07-26 14:57:58] psk_muf.sh running with PID: 1791345
[2026-07-26 14:58:02] Starting wspr_muf.sh...
[2026-07-26 14:58:04] wspr_muf.sh running with PID: 1791386
[2026-07-26 14:58:07] Starting propagation.sh...
[2026-07-26 14:58:09] propagation.sh running with PID: 1792088
[2026-07-26 14:58:12] muf.sh already running. Skipping.
[2026-07-26 14:58:12] Starting psk_gif.sh...
[2026-07-26 14:58:14] psk_gif.sh running with PID: 1792282
[2026-07-26 14:58:17] SUCCESS: All MUF services online.
[2026-07-26 16:37:49] Shutdown requested. Stopping all MUF services...
[2026-07-26 16:37:49] All MUF services terminated.
[2026-07-26 16:37:49] Shutdown requested. Stopping all MUF services...
[2026-07-26 16:37:50] All MUF services terminated.
[2026-07-26 16:37:51] HF MUF Boot Sequence Initiated
[2026-07-26 16:37:51] Starting psk_muf.sh...
[2026-07-26 16:37:53] psk_muf.sh running with PID: 2037335
[2026-07-26 16:37:56] Starting wspr_muf.sh...
[2026-07-26 16:37:58] wspr_muf.sh running with PID: 2037375
[2026-07-26 16:38:01] Starting propagation.sh...
[2026-07-26 16:38:03] propagation.sh running with PID: 2037419
[2026-07-26 16:38:06] muf.sh already running. Skipping.
[2026-07-26 16:38:06] Starting psk_gif.sh...
[2026-07-26 16:38:08] psk_gif.sh running with PID: 2037613
[2026-07-26 16:38:12] SUCCESS: All MUF services online.
[2026-07-26 16:44:07] Shutdown requested. Stopping all MUF services...
[2026-07-26 16:44:07] All MUF services terminated.
[2026-07-26 16:44:07] Shutdown requested. Stopping all MUF services...
[2026-07-26 16:44:07] All MUF services terminated.
[2026-07-26 16:44:09] HF MUF Boot Sequence Initiated
[2026-07-26 16:44:09] Starting psk_muf.sh...
[2026-07-26 16:44:11] psk_muf.sh running with PID: 2050247
[2026-07-26 16:44:14] Starting wspr_muf.sh...
[2026-07-26 16:44:16] wspr_muf.sh running with PID: 2050319
[2026-07-26 16:44:19] Starting propagation.sh...
[2026-07-26 16:44:21] propagation.sh running with PID: 2050388
[2026-07-26 16:44:24] muf.sh already running. Skipping.
[2026-07-26 16:44:24] Starting psk_gif.sh...
[2026-07-26 16:44:26] psk_gif.sh running with PID: 2051336
[2026-07-26 16:44:29] SUCCESS: All MUF services online.
[2026-07-26 16:45:00] Shutdown requested. Stopping all MUF services...
[2026-07-26 16:45:01] All MUF services terminated.
[2026-07-26 16:45:01] Shutdown requested. Stopping all MUF services...
[2026-07-26 16:45:01] All MUF services terminated.
[2026-07-26 16:45:02] HF MUF Boot Sequence Initiated
[2026-07-26 16:45:02] Starting psk_muf.sh...
[2026-07-26 16:45:04] psk_muf.sh running with PID: 2052597
[2026-07-26 16:45:07] Starting wspr_muf.sh...
[2026-07-26 16:45:09] wspr_muf.sh running with PID: 2053294
[2026-07-26 16:45:12] Starting propagation.sh...
[2026-07-26 16:45:14] propagation.sh running with PID: 2053333
[2026-07-26 16:45:17] muf.sh already running. Skipping.
[2026-07-26 16:45:17] Starting psk_gif.sh...
[2026-07-26 16:45:19] psk_gif.sh running with PID: 2053528
[2026-07-26 16:45:22] SUCCESS: All MUF services online.
[2026-07-26 17:14:45] Shutdown requested. Stopping all MUF services...
[2026-07-26 17:14:45] All MUF services terminated.
[2026-07-26 17:14:45] Shutdown requested. Stopping all MUF services...
[2026-07-26 17:14:45] All MUF services terminated.
[2026-07-26 17:14:47] HF MUF Boot Sequence Initiated
[2026-07-26 17:14:47] Starting psk_muf.sh...
[2026-07-26 17:14:49] psk_muf.sh running with PID: 2126210
[2026-07-26 17:14:52] Starting wspr_muf.sh...
[2026-07-26 17:14:54] wspr_muf.sh running with PID: 2126913
[2026-07-26 17:14:57] Starting propagation.sh...
[2026-07-26 17:14:59] propagation.sh running with PID: 2127016
[2026-07-26 17:15:02] muf.sh already running. Skipping.
[2026-07-26 17:15:02] Starting psk_gif.sh...
[2026-07-26 17:15:04] psk_gif.sh running with PID: 2127212
[2026-07-26 17:15:07] SUCCESS: All MUF services online.
[2026-07-26 17:17:37] Shutdown requested. Stopping all MUF services...
[2026-07-26 17:17:37] All MUF services terminated.
[2026-07-26 17:17:37] Shutdown requested. Stopping all MUF services...
[2026-07-26 17:17:37] All MUF services terminated.
[2026-07-26 17:17:39] HF MUF Boot Sequence Initiated
[2026-07-26 17:17:39] Starting psk_muf.sh...
[2026-07-26 17:17:41] psk_muf.sh running with PID: 2134267
[2026-07-26 17:17:44] Starting wspr_muf.sh...
[2026-07-26 17:17:46] wspr_muf.sh running with PID: 2134307
[2026-07-26 17:17:49] Starting propagation.sh...
[2026-07-26 17:17:51] propagation.sh running with PID: 2134347
[2026-07-26 17:17:54] muf.sh already running. Skipping.
[2026-07-26 17:17:54] Starting psk_gif.sh...
[2026-07-26 17:17:56] psk_gif.sh running with PID: 2134544
[2026-07-26 17:17:59] SUCCESS: All MUF services online.
[2026-07-26 17:26:14] Shutdown requested. Stopping all MUF services...
[2026-07-26 17:26:15] All MUF services terminated.
[2026-07-26 17:26:15] Shutdown requested. Stopping all MUF services...
[2026-07-26 17:26:15] All MUF services terminated.
[2026-07-26 17:26:18] HF MUF Boot Sequence Initiated
[2026-07-26 17:26:18] Starting psk_muf.sh...
[2026-07-26 17:26:20] psk_muf.sh running with PID: 2155536
[2026-07-26 17:26:23] Starting wspr_muf.sh...
[2026-07-26 17:26:25] wspr_muf.sh running with PID: 2156235
[2026-07-26 17:26:28] Starting propagation.sh...
[2026-07-26 17:26:30] propagation.sh running with PID: 2156306
[2026-07-26 17:26:33] muf.sh already running. Skipping.
[2026-07-26 17:26:33] Starting psk_gif.sh...
[2026-07-26 17:26:35] psk_gif.sh running with PID: 2156515
[2026-07-26 17:26:38] SUCCESS: All MUF services online.
[2026-07-26 17:29:33] Shutdown requested. Stopping all MUF services...
[2026-07-26 17:29:34] All MUF services terminated.
[2026-07-26 17:29:34] Shutdown requested. Stopping all MUF services...
[2026-07-26 17:29:34] All MUF services terminated.
[2026-07-26 17:29:35] HF MUF Boot Sequence Initiated
[2026-07-26 17:29:35] Starting psk_muf.sh...
[2026-07-26 17:29:37] psk_muf.sh running with PID: 2164579
[2026-07-26 17:29:40] Starting wspr_muf.sh...
[2026-07-26 17:29:42] wspr_muf.sh running with PID: 2164619
[2026-07-26 17:29:46] Starting propagation.sh...
[2026-07-26 17:29:48] propagation.sh running with PID: 2164659
[2026-07-26 17:29:51] muf.sh already running. Skipping.
[2026-07-26 17:29:51] Starting psk_gif.sh...
[2026-07-26 17:29:53] psk_gif.sh running with PID: 2164854
[2026-07-26 17:29:56] SUCCESS: All MUF services online.
[2026-07-26 17:33:18] Shutdown requested. Stopping all MUF services...
[2026-07-26 17:33:18] All MUF services terminated.
[2026-07-26 17:33:18] Shutdown requested. Stopping all MUF services...
[2026-07-26 17:33:19] All MUF services terminated.
[2026-07-26 17:33:20] HF MUF Boot Sequence Initiated
[2026-07-26 17:33:20] Starting psk_muf.sh...
[2026-07-26 17:33:22] psk_muf.sh running with PID: 2173242
[2026-07-26 17:33:25] Starting wspr_muf.sh...
[2026-07-26 17:33:27] wspr_muf.sh running with PID: 2173295
[2026-07-26 17:33:30] Starting propagation.sh...
[2026-07-26 17:33:32] propagation.sh running with PID: 2173334
[2026-07-26 17:33:35] muf.sh already running. Skipping.
[2026-07-26 17:33:35] Starting psk_gif.sh...
[2026-07-26 17:33:37] psk_gif.sh running with PID: 2173531
[2026-07-26 17:33:41] SUCCESS: All MUF services online.
[2026-07-26 20:22:35] Shutdown requested. Stopping all MUF services...
[2026-07-26 20:22:35] All MUF services terminated.
[2026-07-26 20:24:49] HF MUF Boot Sequence Initiated
[2026-07-26 20:24:50] Starting psk_muf.sh...
[2026-07-26 20:24:52] psk_muf.sh running with PID: 6691
[2026-07-26 20:24:55] Starting wspr_muf.sh...
[2026-07-26 20:24:57] wspr_muf.sh running with PID: 6727
[2026-07-26 20:25:00] Starting propagation.sh...
[2026-07-26 20:25:02] propagation.sh running with PID: 6762
[2026-07-26 20:25:05] muf.sh already running. Skipping.
[2026-07-26 20:25:05] Starting psk_gif.sh...
[2026-07-26 20:25:07] psk_gif.sh running with PID: 6957
[2026-07-26 20:25:10] SUCCESS: All MUF services online.
[2026-07-27 16:40:56] Shutdown requested. Stopping all MUF services...
[2026-07-27 16:40:56] All MUF services terminated.
[2026-07-27 16:40:56] Shutdown requested. Stopping all MUF services...
[2026-07-27 16:40:57] All MUF services terminated.
[2026-07-27 16:41:24] HF MUF Boot Sequence Initiated
[2026-07-27 16:41:24] Starting psk_muf.sh...
[2026-07-27 16:41:26] psk_muf.sh running with PID: 3464949
[2026-07-27 16:41:29] Starting wspr_muf.sh...
[2026-07-27 16:41:31] wspr_muf.sh running with PID: 3465037
[2026-07-27 16:41:34] Starting propagation.sh...
[2026-07-27 16:41:36] propagation.sh running with PID: 3465130
[2026-07-27 16:41:39] muf.sh already running. Skipping.
[2026-07-27 16:41:39] Starting psk_gif.sh...
[2026-07-27 16:41:41] psk_gif.sh running with PID: 3465312
[2026-07-27 16:41:44] SUCCESS: All MUF services online.
[2026-07-27 18:21:18] Shutdown requested. Stopping all MUF services...
[2026-07-27 18:21:18] All MUF services terminated.
[2026-07-27 18:21:18] Shutdown requested. Stopping all MUF services...
[2026-07-27 18:21:18] All MUF services terminated.
[2026-07-27 18:21:21] HF MUF Boot Sequence Initiated
[2026-07-27 18:21:21] Starting psk_muf.sh...
[2026-07-27 18:21:23] psk_muf.sh running with PID: 3714399
[2026-07-27 18:21:26] Starting wspr_muf.sh...
[2026-07-27 18:21:28] wspr_muf.sh running with PID: 3715138
[2026-07-27 18:21:31] Starting propagation.sh...
[2026-07-27 18:21:33] propagation.sh running with PID: 3715173
[2026-07-27 18:21:36] muf.sh already running. Skipping.
[2026-07-27 18:21:36] Starting psk_gif.sh...
[2026-07-27 18:21:38] psk_gif.sh running with PID: 3715364
[2026-07-27 18:21:41] SUCCESS: All MUF services online.
[2026-07-28 16:43:17] Shutdown requested. Stopping all MUF services...
[2026-07-28 16:43:18] All MUF services terminated.
[2026-07-28 16:43:18] Shutdown requested. Stopping all MUF services...
[2026-07-28 16:43:18] All MUF services terminated.
[2026-07-28 16:43:19] HF MUF Boot Sequence Initiated
[2026-07-28 16:43:19] Starting psk_muf.sh...
[2026-07-28 16:43:21] psk_muf.sh running with PID: 2825339
[2026-07-28 16:43:24] Starting wspr_muf.sh...
[2026-07-28 16:43:26] wspr_muf.sh running with PID: 2825376
[2026-07-28 16:43:30] Starting propagation.sh...
[2026-07-28 16:43:32] propagation.sh running with PID: 2825425
[2026-07-28 16:43:35] muf.sh already running. Skipping.
[2026-07-28 16:43:35] Starting psk_gif.sh...
[2026-07-28 16:43:37] psk_gif.sh running with PID: 2825850
[2026-07-28 16:43:40] SUCCESS: All MUF services online.
[2026-07-29 16:29:23] Shutdown requested. Stopping all MUF services...
[2026-07-29 16:29:23] All MUF services terminated.
[2026-07-29 16:29:23] Shutdown requested. Stopping all MUF services...
[2026-07-29 16:29:23] All MUF services terminated.
[2026-07-29 16:29:27] HF MUF Boot Sequence Initiated
[2026-07-29 16:29:27] Starting psk_muf.sh...
[2026-07-29 16:29:29] psk_muf.sh running with PID: 90418
[2026-07-29 16:29:32] Starting wspr_muf.sh...
[2026-07-29 16:29:34] wspr_muf.sh running with PID: 90456
[2026-07-29 16:29:37] Starting propagation.sh...
[2026-07-29 16:29:39] propagation.sh running with PID: 90641
[2026-07-29 16:29:42] muf.sh already running. Skipping.
[2026-07-29 16:29:42] Starting psk_gif.sh...
[2026-07-29 16:29:44] psk_gif.sh running with PID: 90996
[2026-07-29 16:29:48] SUCCESS: All MUF services online.
[2026-07-29 16:59:06] Shutdown requested. Stopping all MUF services...
[2026-07-29 16:59:07] All MUF services terminated.
[2026-07-29 16:59:07] Shutdown requested. Stopping all MUF services...
[2026-07-29 16:59:07] All MUF services terminated.
[2026-07-29 16:59:10] HF MUF Boot Sequence Initiated
[2026-07-29 16:59:10] Starting psk_muf.sh...
[2026-07-29 16:59:12] psk_muf.sh running with PID: 113050
[2026-07-29 16:59:16] Starting wspr_muf.sh...
[2026-07-29 16:59:18] wspr_muf.sh running with PID: 113126
[2026-07-29 16:59:21] Starting propagation.sh...
[2026-07-29 16:59:23] propagation.sh running with PID: 113317
[2026-07-29 16:59:26] muf.sh already running. Skipping.
[2026-07-29 16:59:26] Starting psk_gif.sh...
[2026-07-29 16:59:28] psk_gif.sh running with PID: 113526
[2026-07-29 16:59:31] SUCCESS: All MUF services online.
[2026-07-29 17:01:50] Shutdown requested. Stopping all MUF services...
[2026-07-29 17:01:50] All MUF services terminated.
[2026-07-29 17:01:50] Shutdown requested. Stopping all MUF services...
[2026-07-29 17:01:50] All MUF services terminated.
[2026-07-29 17:01:54] HF MUF Boot Sequence Initiated
[2026-07-29 17:01:54] Starting psk_muf.sh...
[2026-07-29 17:01:56] psk_muf.sh running with PID: 115769
[2026-07-29 17:02:00] Starting wspr_muf.sh...
[2026-07-29 17:02:02] wspr_muf.sh running with PID: 116049
[2026-07-29 17:02:05] Starting propagation.sh...
[2026-07-29 17:02:07] propagation.sh running with PID: 116089
[2026-07-29 17:02:10] muf.sh already running. Skipping.
[2026-07-29 17:02:10] Starting psk_gif.sh...
[2026-07-29 17:02:12] psk_gif.sh running with PID: 116282
[2026-07-29 17:02:15] SUCCESS: All MUF services online.
[2026-07-29 18:22:18] Shutdown requested. Stopping all MUF services...
[2026-07-29 18:22:18] All MUF services terminated.
[2026-07-29 18:22:18] Shutdown requested. Stopping all MUF services...
[2026-07-29 18:22:18] All MUF services terminated.
[2026-07-29 18:22:20] HF MUF Boot Sequence Initiated
[2026-07-29 18:22:20] Starting psk_muf.sh...
[2026-07-29 18:22:22] psk_muf.sh running with PID: 270297
[2026-07-29 18:22:25] Starting wspr_muf.sh...
[2026-07-29 18:22:27] wspr_muf.sh running with PID: 270392
[2026-07-29 18:22:30] Starting propagation.sh...
[2026-07-29 18:22:32] propagation.sh running with PID: 270462
[2026-07-29 18:22:35] muf.sh already running. Skipping.
[2026-07-29 18:22:35] Starting psk_gif.sh...
[2026-07-29 18:22:37] psk_gif.sh running with PID: 271413
[2026-07-29 18:22:40] SUCCESS: All MUF services online.
[2026-08-02 11:18:41] Shutdown requested. Stopping all MUF services...
[2026-08-02 11:18:41] All MUF services terminated.
[2026-08-02 11:18:41] Shutdown requested. Stopping all MUF services...
[2026-08-02 11:18:41] All MUF services terminated.
[2026-08-02 11:18:47] HF MUF Boot Sequence Initiated
[2026-08-02 11:18:48] Starting psk_muf.sh...
[2026-08-02 11:18:50] psk_muf.sh running with PID: 1043911
[2026-08-02 11:18:53] Starting wspr_muf.sh...
[2026-08-02 11:18:55] wspr_muf.sh running with PID: 1043949
[2026-08-02 11:18:58] Starting propagation.sh...
[2026-08-02 11:19:00] propagation.sh running with PID: 1043984
[2026-08-02 11:19:03] muf.sh already running. Skipping.
[2026-08-02 11:19:03] Starting psk_gif.sh...
[2026-08-02 11:19:05] psk_gif.sh running with PID: 1044170
[2026-08-02 11:19:08] SUCCESS: All MUF services online.
[2026-08-02 11:32:12] Shutdown requested. Stopping all MUF services...
[2026-08-02 11:32:12] All MUF services terminated.
[2026-08-02 11:32:12] Shutdown requested. Stopping all MUF services...
[2026-08-02 11:32:12] All MUF services terminated.
[2026-08-02 11:32:14] HF MUF Boot Sequence Initiated
[2026-08-02 11:32:14] Starting psk_muf.sh...
[2026-08-02 11:32:16] psk_muf.sh running with PID: 1074654
[2026-08-02 11:32:19] Starting wspr_muf.sh...
[2026-08-02 11:32:21] wspr_muf.sh running with PID: 1075638
[2026-08-02 11:32:24] Starting propagation.sh...
[2026-08-02 11:32:26] propagation.sh running with PID: 1075692
[2026-08-02 11:32:29] muf.sh already running. Skipping.
[2026-08-02 11:32:29] Starting psk_gif.sh...
[2026-08-02 11:32:31] psk_gif.sh running with PID: 1075926
[2026-08-02 11:32:34] SUCCESS: All MUF services online.
[2026-08-02 11:44:10] Shutdown requested. Stopping all MUF services...
[2026-08-02 11:44:11] All MUF services terminated.
[2026-08-02 11:44:11] Shutdown requested. Stopping all MUF services...
[2026-08-02 11:44:11] All MUF services terminated.
[2026-08-02 11:44:15] HF MUF Boot Sequence Initiated
[2026-08-02 11:44:15] Starting psk_muf.sh...
[2026-08-02 11:44:17] psk_muf.sh running with PID: 1108902
[2026-08-02 11:44:20] Starting wspr_muf.sh...
[2026-08-02 11:44:22] wspr_muf.sh running with PID: 1109060
[2026-08-02 11:44:25] Starting propagation.sh...
[2026-08-02 11:44:27] propagation.sh running with PID: 1109187
[2026-08-02 11:44:30] muf.sh already running. Skipping.
[2026-08-02 11:44:30] Starting psk_gif.sh...
[2026-08-02 11:44:32] psk_gif.sh running with PID: 1110216
[2026-08-02 11:44:35] SUCCESS: All MUF services online.
[2026-08-02 11:50:07] Shutdown requested. Stopping all MUF services...
[2026-08-02 11:50:07] All MUF services terminated.
[2026-08-02 11:50:07] Shutdown requested. Stopping all MUF services...
[2026-08-02 11:50:07] All MUF services terminated.
[2026-08-02 11:50:09] HF MUF Boot Sequence Initiated
[2026-08-02 11:50:09] Starting psk_muf.sh...
[2026-08-02 11:50:11] psk_muf.sh running with PID: 1127180
[2026-08-02 11:50:14] Starting wspr_muf.sh...
[2026-08-02 11:50:16] wspr_muf.sh running with PID: 1127220
[2026-08-02 11:50:19] Starting propagation.sh...
[2026-08-02 11:50:21] propagation.sh running with PID: 1127267
[2026-08-02 11:50:24] muf.sh already running. Skipping.
[2026-08-02 11:50:24] Starting psk_gif.sh...
[2026-08-02 11:50:26] psk_gif.sh running with PID: 1128297
[2026-08-02 11:50:29] SUCCESS: All MUF services online.
[2026-08-02 19:21:08] Shutdown requested. Stopping all MUF services...
[2026-08-02 19:21:09] All MUF services terminated.
[2026-08-02 19:21:09] Shutdown requested. Stopping all MUF services...
[2026-08-02 19:21:09] All MUF services terminated.
[2026-08-02 19:21:13] HF MUF Boot Sequence Initiated
[2026-08-02 19:21:13] Starting psk_muf.sh...
[2026-08-02 19:21:15] psk_muf.sh running with PID: 2483209
[2026-08-02 19:21:18] Starting wspr_muf.sh...
[2026-08-02 19:21:20] wspr_muf.sh running with PID: 2483252
[2026-08-02 19:21:23] Starting propagation.sh...
[2026-08-02 19:21:25] propagation.sh running with PID: 2483291
[2026-08-02 19:21:29] muf.sh already running. Skipping.
[2026-08-02 19:21:29] Starting psk_gif.sh...
[2026-08-02 19:21:31] psk_gif.sh running with PID: 2483348
[2026-08-02 19:21:34] SUCCESS: All MUF services online.
[2026-08-02 19:41:10] Shutdown requested. Stopping all MUF services...
[2026-08-02 19:41:10] All MUF services terminated.
[2026-08-02 19:41:10] Shutdown requested. Stopping all MUF services...
[2026-08-02 19:41:10] All MUF services terminated.
[2026-08-02 19:41:12] HF MUF Boot Sequence Initiated
[2026-08-02 19:41:12] Starting psk_muf.sh...
[2026-08-02 19:41:14] psk_muf.sh running with PID: 2543421
[2026-08-02 19:41:17] Starting wspr_muf.sh...
[2026-08-02 19:41:19] wspr_muf.sh running with PID: 2543513
[2026-08-02 19:41:22] Starting propagation.sh...
[2026-08-02 19:41:24] propagation.sh running with PID: 2543615
[2026-08-02 19:41:27] muf.sh already running. Skipping.
[2026-08-02 19:41:27] Starting psk_gif.sh...
[2026-08-02 19:41:29] psk_gif.sh running with PID: 2543866
[2026-08-02 19:41:32] SUCCESS: All MUF services online.
[2026-08-02 19:41:56] Shutdown requested. Stopping all MUF services...
[2026-08-02 19:41:56] All MUF services terminated.
[2026-08-02 19:41:56] Shutdown requested. Stopping all MUF services...
[2026-08-02 19:41:56] All MUF services terminated.
[2026-08-02 19:41:57] HF MUF Boot Sequence Initiated
[2026-08-02 19:41:57] Starting psk_muf.sh...
[2026-08-02 19:41:59] psk_muf.sh running with PID: 2546028
[2026-08-02 19:42:02] Starting wspr_muf.sh...
[2026-08-02 19:42:04] wspr_muf.sh running with PID: 2546073
[2026-08-02 19:42:07] Starting propagation.sh...
[2026-08-02 19:42:09] propagation.sh running with PID: 2546116
[2026-08-02 19:42:12] muf.sh already running. Skipping.
[2026-08-02 19:42:12] Starting psk_gif.sh...
[2026-08-02 19:42:14] psk_gif.sh running with PID: 2547166
[2026-08-02 19:42:18] SUCCESS: All MUF services online.
[2026-08-02 19:43:52] Shutdown requested. Stopping all MUF services...
[2026-08-02 19:43:52] All MUF services terminated.
[2026-08-02 19:43:52] Shutdown requested. Stopping all MUF services...
[2026-08-02 19:43:52] All MUF services terminated.
[2026-08-02 19:43:54] HF MUF Boot Sequence Initiated
[2026-08-02 19:43:54] Starting psk_muf.sh...
[2026-08-02 19:43:56] psk_muf.sh running with PID: 2551949
[2026-08-02 19:43:59] Starting wspr_muf.sh...
[2026-08-02 19:44:01] wspr_muf.sh running with PID: 2552840
[2026-08-02 19:44:04] Starting propagation.sh...
[2026-08-02 19:44:06] propagation.sh running with PID: 2552879
[2026-08-02 19:44:09] muf.sh already running. Skipping.
[2026-08-02 19:44:09] Starting psk_gif.sh...
[2026-08-02 19:44:11] psk_gif.sh running with PID: 2553071
[2026-08-02 19:44:14] SUCCESS: All MUF services online.
[2026-08-02 19:44:51] Shutdown requested. Stopping all MUF services...
[2026-08-02 19:44:51] All MUF services terminated.
[2026-08-02 19:44:51] Shutdown requested. Stopping all MUF services...
[2026-08-02 19:44:51] All MUF services terminated.
[2026-08-02 19:44:52] HF MUF Boot Sequence Initiated
[2026-08-02 19:44:53] Starting psk_muf.sh...
[2026-08-02 19:44:55] psk_muf.sh running with PID: 2555638
[2026-08-02 19:44:58] Starting wspr_muf.sh...
[2026-08-02 19:45:00] wspr_muf.sh running with PID: 2555682
[2026-08-02 19:45:03] Starting propagation.sh...
[2026-08-02 19:45:05] propagation.sh running with PID: 2556573
[2026-08-02 19:45:08] muf.sh already running. Skipping.
[2026-08-02 19:45:08] Starting psk_gif.sh...
[2026-08-02 19:45:10] psk_gif.sh running with PID: 2556767
[2026-08-02 19:45:13] SUCCESS: All MUF services online.
[2026-08-02 19:46:45] Shutdown requested. Stopping all MUF services...
[2026-08-02 19:46:45] All MUF services terminated.
[2026-08-02 19:46:45] Shutdown requested. Stopping all MUF services...
[2026-08-02 19:46:45] All MUF services terminated.
[2026-08-02 19:46:46] HF MUF Boot Sequence Initiated
[2026-08-02 19:46:46] Starting psk_muf.sh...
[2026-08-02 19:46:48] psk_muf.sh running with PID: 2562347
[2026-08-02 19:46:51] Starting wspr_muf.sh...
[2026-08-02 19:46:53] wspr_muf.sh running with PID: 2562390
[2026-08-02 19:46:56] Starting propagation.sh...
[2026-08-02 19:46:58] propagation.sh running with PID: 2562429
[2026-08-02 19:47:01] muf.sh already running. Skipping.
[2026-08-02 19:47:02] Starting psk_gif.sh...
[2026-08-02 19:47:04] psk_gif.sh running with PID: 2562628
[2026-08-02 19:47:07] SUCCESS: All MUF services online.
[2026-08-02 19:55:58] Shutdown requested. Stopping all MUF services...
[2026-08-02 19:55:58] All MUF services terminated.
[2026-08-02 19:55:58] Shutdown requested. Stopping all MUF services...
[2026-08-02 19:55:58] All MUF services terminated.
[2026-08-02 19:56:00] HF MUF Boot Sequence Initiated
[2026-08-02 19:56:00] Starting psk_muf.sh...
[2026-08-02 19:56:02] psk_muf.sh running with PID: 2589941
[2026-08-02 19:56:05] Starting wspr_muf.sh...
[2026-08-02 19:56:07] wspr_muf.sh running with PID: 2589983
[2026-08-02 19:56:10] Starting propagation.sh...
[2026-08-02 19:56:12] propagation.sh running with PID: 2590025
[2026-08-02 19:56:15] muf.sh already running. Skipping.
[2026-08-02 19:56:15] Starting psk_gif.sh...
[2026-08-02 19:56:17] psk_gif.sh running with PID: 2591065
[2026-08-02 19:56:20] SUCCESS: All MUF services online.
[2026-08-02 19:56:44] Shutdown requested. Stopping all MUF services...
[2026-08-02 19:56:45] All MUF services terminated.
[2026-08-02 19:56:45] Shutdown requested. Stopping all MUF services...
[2026-08-02 19:56:45] All MUF services terminated.
[2026-08-02 19:56:46] HF MUF Boot Sequence Initiated
[2026-08-02 19:56:46] Starting psk_muf.sh...
[2026-08-02 19:56:48] psk_muf.sh running with PID: 2592705
[2026-08-02 19:56:52] Starting wspr_muf.sh...
[2026-08-02 19:56:54] wspr_muf.sh running with PID: 2592748
[2026-08-02 19:56:57] Starting propagation.sh...
[2026-08-02 19:56:59] propagation.sh running with PID: 2593632
[2026-08-02 19:57:02] muf.sh already running. Skipping.
[2026-08-02 19:57:02] Starting psk_gif.sh...
[2026-08-02 19:57:04] psk_gif.sh running with PID: 2593822
[2026-08-02 19:57:07] SUCCESS: All MUF services online.
[2026-08-03 16:26:40] Shutdown requested. Stopping all MUF services...
[2026-08-03 16:26:40] All MUF services terminated.
[2026-08-03 16:26:40] Shutdown requested. Stopping all MUF services...
[2026-08-03 16:26:41] All MUF services terminated.
[2026-08-03 16:26:42] HF MUF Boot Sequence Initiated
[2026-08-03 16:26:42] Starting psk_muf.sh...
[2026-08-03 16:26:44] psk_muf.sh running with PID: 2070561
[2026-08-03 16:26:47] Starting wspr_muf.sh...
[2026-08-03 16:26:49] wspr_muf.sh running with PID: 2070604
[2026-08-03 16:26:52] Starting propagation.sh...
[2026-08-03 16:26:54] propagation.sh running with PID: 2070643
[2026-08-03 16:26:57] muf.sh already running. Skipping.
[2026-08-03 16:26:57] Starting psk_gif.sh...
[2026-08-03 16:26:59] psk_gif.sh running with PID: 2070873
[2026-08-03 16:27:03] SUCCESS: All MUF services online.
[2026-08-03 16:38:30] Shutdown requested. Stopping all MUF services...
[2026-08-03 16:38:31] All MUF services terminated.
[2026-08-03 16:38:31] Shutdown requested. Stopping all MUF services...
[2026-08-03 16:38:31] All MUF services terminated.
[2026-08-03 16:38:33] HF MUF Boot Sequence Initiated
[2026-08-03 16:38:33] Starting psk_muf.sh...
[2026-08-03 16:38:35] psk_muf.sh running with PID: 2106241
[2026-08-03 16:38:38] Starting wspr_muf.sh...
[2026-08-03 16:38:40] wspr_muf.sh running with PID: 2106639
[2026-08-03 16:38:43] Starting propagation.sh...
[2026-08-03 16:38:45] propagation.sh running with PID: 2106714
[2026-08-03 16:38:48] muf.sh already running. Skipping.
[2026-08-03 16:38:48] Starting psk_gif.sh...
[2026-08-03 16:38:50] psk_gif.sh running with PID: 2107011
[2026-08-03 16:38:53] SUCCESS: All MUF services online.
[2026-08-03 16:46:14] Shutdown requested. Stopping all MUF services...
[2026-08-03 16:46:14] All MUF services terminated.
[2026-08-03 16:46:14] Shutdown requested. Stopping all MUF services...
[2026-08-03 16:46:14] All MUF services terminated.
[2026-08-03 16:46:18] HF MUF Boot Sequence Initiated
[2026-08-03 16:46:18] Starting psk_muf.sh...
[2026-08-03 16:46:20] psk_muf.sh running with PID: 2130132
[2026-08-03 16:46:23] Starting wspr_muf.sh...
[2026-08-03 16:46:25] wspr_muf.sh running with PID: 2130201
[2026-08-03 16:46:28] Starting propagation.sh...
[2026-08-03 16:46:30] propagation.sh running with PID: 2130282
[2026-08-03 16:46:34] muf.sh already running. Skipping.
[2026-08-03 16:46:34] Starting psk_gif.sh...
[2026-08-03 16:46:36] psk_gif.sh running with PID: 2130590
[2026-08-03 16:46:39] SUCCESS: All MUF services online.
[2026-08-03 17:49:17] Shutdown requested. Stopping all MUF services...
[2026-08-03 17:49:17] All MUF services terminated.
[2026-08-03 17:49:17] Shutdown requested. Stopping all MUF services...
[2026-08-03 17:49:18] All MUF services terminated.
[2026-08-03 17:49:20] HF MUF Boot Sequence Initiated
[2026-08-03 17:49:20] Starting psk_muf.sh...
[2026-08-03 17:49:22] psk_muf.sh running with PID: 2321188
[2026-08-03 17:49:25] Starting wspr_muf.sh...
[2026-08-03 17:49:27] wspr_muf.sh running with PID: 2321230
[2026-08-03 17:49:30] Starting propagation.sh...
[2026-08-03 17:49:32] propagation.sh running with PID: 2321290
[2026-08-03 17:49:35] muf.sh already running. Skipping.
[2026-08-03 17:49:35] Starting psk_gif.sh...
[2026-08-03 17:49:37] psk_gif.sh running with PID: 2321482
[2026-08-03 17:49:40] SUCCESS: All MUF services online.
[2026-08-04 23:43:31] Shutdown requested. Stopping all MUF services...
[2026-08-04 23:43:31] All MUF services terminated.
[2026-08-04 23:43:31] Shutdown requested. Stopping all MUF services...
[2026-08-04 23:43:31] All MUF services terminated.
[2026-08-04 23:43:35] HF MUF Boot Sequence Initiated
[2026-08-04 23:43:35] Starting psk_muf.sh...
[2026-08-04 23:43:37] psk_muf.sh running with PID: 3495715
[2026-08-04 23:43:41] Starting wspr_muf.sh...
[2026-08-04 23:43:43] wspr_muf.sh running with PID: 3495847
[2026-08-04 23:43:46] Starting propagation.sh...
[2026-08-04 23:43:48] propagation.sh running with PID: 3495887
[2026-08-04 23:43:51] muf.sh already running. Skipping.
[2026-08-04 23:43:51] Starting psk_gif.sh...
[2026-08-04 23:43:53] psk_gif.sh running with PID: 3496072
[2026-08-04 23:43:56] Starting omiss_engine.py...
[2026-08-04 23:43:58] omiss_engine.py running with PID: 3496993
[2026-08-04 23:44:01] SUCCESS: All MUF services online.
[2026-08-04 23:44:17] Shutdown requested. Stopping all MUF services...
[2026-08-04 23:44:17] All MUF services terminated.
[2026-08-04 23:46:43] HF MUF Boot Sequence Initiated
[2026-08-04 23:46:43] Starting psk_muf.sh...
[2026-08-04 23:46:45] psk_muf.sh running with PID: 7389
[2026-08-04 23:46:49] Starting wspr_muf.sh...
[2026-08-04 23:46:51] wspr_muf.sh running with PID: 8434
[2026-08-04 23:46:54] Starting propagation.sh...
[2026-08-04 23:46:56] propagation.sh running with PID: 8507
[2026-08-04 23:46:59] muf.sh already running. Skipping.
[2026-08-04 23:46:59] Starting psk_gif.sh...
[2026-08-04 23:47:01] psk_gif.sh running with PID: 8812
[2026-08-04 23:47:04] Starting omiss_engine.py...
[2026-08-04 23:47:06] omiss_engine.py running with PID: 8923
[2026-08-04 23:47:09] SUCCESS: All MUF services online.
